Country_Name,ISO,1961,1962,1963,1964,1965,1966,1967,1968,1969,1970,1971,1972,1973,1974,1975,1976,1977,1978,1979,1980,1981,1982,1983,1984,1985,1986,1987,1988,1989,1990,1991,1992,1993,1994,1995,1996,1997,1998,1999,2000,2001,2002,2003,2004,2005,2006,2007,2008,2009,2010,2011,2012,2013,2014,2015,2016
Afghanistan,AFG,NaN,NaN,NaN,NaN,NaN,NaN,NaN,NaN,NaN,NaN,NaN,NaN,NaN,NaN,NaN,NaN,NaN,NaN,NaN,NaN,NaN,NaN,NaN,NaN,NaN,NaN,NaN,NaN,NaN,NaN,NaN,NaN,NaN,NaN,NaN,NaN,NaN,NaN,NaN,NaN,NaN,0,0,0,0,0,0,12.3526810392542,6.90172394184137,4.74982358544972,4.62517789774207,1.56116120047841,1.5386140006631,1.82863542634284,9.15459797862319,10.7076420639064
Albania,ALB,NaN,NaN,NaN,NaN,NaN,NaN,NaN,NaN,NaN,NaN,NaN,NaN,NaN,NaN,NaN,NaN,NaN,NaN,NaN,NaN,NaN,NaN,NaN,NaN,NaN,NaN,NaN,0,0,0,0,0,0,0,0,3.07466527341939,3.86542725848755,4.53782607136802,3.64293376729334,3.27569565270773,3.08977928414398,2.35285225335981,3.00419896738861,3.34006757661097,2.28764027126647,2.29618435486596,4.28320457070144,2.24296769555042,3.90075744835951,4.16873703011594,4.69113468513761,5.12863402514829,5.54776007001146,3.52556771536568,6.22801005413581,8.29013281548967
Algeria,DZA,NaN,NaN,NaN,NaN,NaN,NaN,NaN,NaN,NaN,NaN,NaN,NaN,NaN,NaN,NaN,NaN,NaN,NaN,NaN,NaN,NaN,NaN,NaN,NaN,NaN,NaN,NaN,0,0,0,0,1.52055213227482,1.77541683168046,0.888228016103378,2.79184311689065,2.68981605029277,0.905328056522461,0.616173091697242,0.526171232266422,0.783882284026668,0.541293361837823,0.841070638411799,0.779321749596767,0.776907618232529,0.888198751426576,0.997252637471188,0.968314140068136,1.13200457777376,0.907364637800071,2.34409646578372,2.21215359043714,1.74807526144971,1.96240644827912,1.48215194709515,1.23489274992816,1.69265543180287
American Samoa,ASM,NaN,NaN,NaN,NaN,NaN,NaN,NaN,NaN,NaN,NaN,NaN,NaN,NaN,NaN,NaN,NaN,NaN,NaN,NaN,NaN,NaN,NaN,NaN,NaN,NaN,NaN,NaN,NaN,NaN,NaN,NaN,NaN,NaN,NaN,NaN,NaN,NaN,NaN,NaN,NaN,NaN,NaN,NaN,NaN,NaN,NaN,NaN,NaN,NaN,NaN,NaN,NaN,NaN,NaN,NaN,NaN
Angola,AGO,NaN,NaN,NaN,NaN,NaN,NaN,NaN,NaN,NaN,NaN,NaN,NaN,NaN,NaN,NaN,NaN,NaN,NaN,NaN,NaN,NaN,NaN,NaN,NaN,NaN,NaN,NaN,0,0,0,0,0,0,0,0,0,0,0,0,0,0,NaN,NaN,NaN,NaN,NaN,NaN,NaN,NaN,NaN,NaN,NaN,NaN,NaN,NaN,NaN
Antigua and Barbuda,ATG,NaN,NaN,NaN,NaN,NaN,NaN,NaN,NaN,NaN,NaN,NaN,NaN,NaN,NaN,NaN,NaN,NaN,NaN,NaN,NaN,NaN,NaN,NaN,NaN,NaN,NaN,NaN,0,0,0,0,0,0,0,0,0,0,0,4.39739441852738,6.24580559356037,0,0,0,0,3.88916917416497,0,6.96824685997617,0,6.86443785736988,6.55338672511985,9.24999882089509,9.8469991832705,6.56219573214424,6.71781930898057,5.32179081058491,4.09159738466193
Argentina,ARG,NaN,NaN,NaN,NaN,NaN,NaN,NaN,NaN,NaN,NaN,NaN,NaN,NaN,NaN,NaN,NaN,NaN,NaN,NaN,NaN,NaN,NaN,NaN,NaN,NaN,NaN,NaN,0,0,0,0,0,59.9878298012635,63.0959036318572,75.9615656666476,81.4328986680823,84.4499668097676,85.5841596315765,91.1553114542673,86.7282775666876,96.2660298655392,118.189825434616,111.757401927126,120.335809459267,118.554562612116,129.245759535723,131.896519924995,139.888647133607,158.14771871429,112.630153417664,117.298701661154,132.955452327074,124.449288228034,105.949811956286,111.618347340432,103.583196466924
Armenia,ARM,NaN,NaN,NaN,NaN,NaN,NaN,NaN,NaN,NaN,NaN,NaN,NaN,NaN,NaN,NaN,NaN,NaN,NaN,NaN,NaN,NaN,NaN,NaN,NaN,NaN,NaN,NaN,NaN,NaN,0,0,0,0,0,0,0,4.83153661112435,0,3.59384146248785,6.2165354118582,8.85334727459237,10.1788188352982,12.8598433102371,9.57020438665787,11.5042557702222,8.24016021434469,3.84721326012019,8.86689907139434,7.56904412544267,8.9495464138423,9.71498125439786,16.5431101674114,19.2341461198081,19.678934431073,21.0825827113804,29.8551800694874
Australia,AUS,NaN,NaN,NaN,NaN,NaN,NaN,NaN,NaN,NaN,NaN,NaN,NaN,NaN,NaN,NaN,NaN,NaN,NaN,NaN,NaN,NaN,NaN,NaN,NaN,NaN,NaN,NaN,NaN,NaN,61.5188354600422,75.0692611276981,84.0970758285823,89.7807201196123,98.4771486171633,95.2149934450211,99.4316081533809,99.1244091519008,90.0210400132204,101.205251784873,98.9646204793645,100.018475192745,88.265392388889,97.0544986336931,97.0703254520671,87.0297811856958,89.3722698430635,96.4501758417182,89.0369958952014,95.7422544255455,90.8481773373844,93.5076788770263,89.5059594106597,88.6363682978735,100.047527436064,96.8456864841593,96.8660292692314
Austria,AUT,NaN,NaN,NaN,NaN,NaN,NaN,NaN,NaN,NaN,NaN,NaN,NaN,NaN,NaN,NaN,NaN,NaN,NaN,NaN,NaN,NaN,NaN,NaN,NaN,NaN,NaN,NaN,0,0,0,0,0,0,35.835258830873,43.5236187494598,56.7355321452609,68.2701071188784,76.204928377943,87.3895600104485,96.13681444883,106.833418062057,119.736586156171,140.233619146064,146.987192337693,184.869264257349,187.216163089034,178.00042342361,198.270092762923,213.963979076618,204.794687900112,198.916059062017,208.526302598024,229.956858325259,239.37361360734,257.740691311758,267.690548527899
Azerbaijan,AZE,NaN,NaN,NaN,NaN,NaN,NaN,NaN,NaN,NaN,NaN,NaN,NaN,NaN,NaN,NaN,NaN,NaN,NaN,NaN,NaN,NaN,NaN,NaN,NaN,NaN,NaN,NaN,NaN,NaN,0,0,0,0,0,0,3.63081077859543,6.9387913553585,5.7912169069978,7.14747541043654,6.68643907789273,6.55836918569939,7.77753093703735,14.1123890107832,16.357177161779,27.121845195337,21.6174215879207,22.9209209708767,19.4818248043807,19.4732032100163,20.3930757317984,21.3196084512597,23.2356639483855,22.0678605000056,21.0837868261388,23.2675445061586,24.7833959059056
Bahamas,BHS,NaN,NaN,NaN,NaN,NaN,NaN,NaN,NaN,NaN,NaN,NaN,NaN,NaN,NaN,NaN,NaN,NaN,NaN,NaN,NaN,NaN,NaN,NaN,NaN,NaN,NaN,NaN,NaN,0,0,0,0,0,0,0,0,73.8770839366107,91.2849225237608,125.321202251967,113.194676783544,123.547145449076,99.723082596702,124.779732199311,115.646651136953,91.6155596698763,89.5501823350462,93.9067863663592,116.864276860177,76.3126927606569,70.2073916728733,72.3368254740708,72.6931565122542,96.4560144539058,77.4186199158306,67.6864984095867,0
Bahrain,BHR,NaN,NaN,NaN,NaN,NaN,NaN,NaN,NaN,NaN,NaN,NaN,NaN,NaN,NaN,NaN,NaN,NaN,NaN,NaN,NaN,NaN,NaN,NaN,NaN,NaN,NaN,NaN,0,0,0,0,0,0,0,0,NaN,NaN,NaN,NaN,NaN,NaN,NaN,NaN,NaN,NaN,NaN,81.012646744314,380.070711828685,350.125803885292,374.862265672829,437.42157418359,473.115498557824,755.850534884989,502.927908285526,293.036655816348,263.499341143878
Bangladesh,BGD,NaN,NaN,NaN,NaN,NaN,NaN,NaN,NaN,NaN,NaN,NaN,NaN,NaN,NaN,NaN,NaN,NaN,NaN,NaN,NaN,NaN,NaN,NaN,NaN,NaN,NaN,NaN,0,2.72433923826978,2.33546692498259,2.19447987069819,2.22676443577155,2.96522188075482,3.76553382748577,3.4590134482979,3.3174387677209,3.03200699216965,3.26453901161636,0,3.47486942171322,2.80914965867342,3.30229278870696,3.13679072752644,4.11436847446383,4.72680481463019,5.66130045248895,6.39539603946324,4.93203020738252,3.51192539949444,4.19766386477284,4.59103450987517,3.15598746157089,4.36702839164574,0,3.14803301719156,0
Barbados,BRB,NaN,NaN,NaN,NaN,NaN,NaN,NaN,NaN,NaN,NaN,NaN,NaN,NaN,NaN,NaN,NaN,NaN,NaN,NaN,NaN,NaN,NaN,NaN,NaN,NaN,NaN,NaN,NaN,NaN,0,0,0,0,0,0,0,142.871722044768,137.597877922998,107.692045904186,118.238976269748,116.10854251491,119.401695038698,100.187752745117,129.965409861714,137.321062684184,124.342135431922,150.655245103763,181.655683739838,137.123319581379,133.081477894245,149.071357262844,152.807436036903,141.266539883347,148.378894628616,138.317831310332,141.380068808179
Belarus,BLR,NaN,NaN,NaN,NaN,NaN,NaN,NaN,NaN,NaN,NaN,NaN,NaN,NaN,NaN,NaN,NaN,NaN,NaN,NaN,NaN,NaN,NaN,NaN,NaN,NaN,NaN,NaN,NaN,NaN,0,0,0,0,0,0,0,0,33.5918927977421,29.2282098748517,32.6478458956523,47.3228412905912,42.9811383673978,54.0497283707527,57.0200504486762,51.6646584184504,46.7949630499965,48.2762354406781,41.9100196108326,55.5452644252648,63.0956826389146,77.3478864209959,85.4018067237063,104.835067800275,93.1885888660817,118.402672761021,123.535610259612
Belgium,BEL,NaN,NaN,NaN,NaN,NaN,NaN,NaN,NaN,NaN,NaN,NaN,NaN,NaN,NaN,NaN,NaN,NaN,NaN,NaN,NaN,NaN,NaN,NaN,NaN,NaN,NaN,NaN,NaN,NaN,NaN,NaN,NaN,NaN,NaN,0,0,0,0,0,0,0,0,0,0,0,0,0,0,0,0,0,0,0,0,0,0
Belgium-Luxembourg,[],NaN,NaN,NaN,NaN,NaN,NaN,NaN,NaN,NaN,NaN,NaN,NaN,NaN,NaN,NaN,NaN,NaN,NaN,NaN,NaN,NaN,NaN,NaN,NaN,NaN,NaN,NaN,NaN,NaN,NaN,NaN,NaN,NaN,NaN,NaN,NaN,NaN,NaN,NaN,NaN,NaN,NaN,NaN,NaN,NaN,NaN,NaN,NaN,NaN,NaN,NaN,NaN,NaN,NaN,NaN,NaN
Belize,BLZ,NaN,NaN,NaN,NaN,NaN,NaN,NaN,NaN,NaN,NaN,NaN,NaN,NaN,NaN,NaN,NaN,NaN,NaN,NaN,NaN,NaN,NaN,NaN,NaN,NaN,NaN,NaN,0,0,0,0,105.702488042629,99.4463903905515,108.461922379099,125.078056556517,120.253341735222,134.664744174101,120.591555855819,8.24144796229181,132.848471680234,55.0929076086673,29.9256958805252,119.184889193353,118.819996792493,118.924100482106,127.803135723394,112.200017381614,112.645781016462,116.502354077752,106.989006799033,107.461998577629,113.296421278611,118.82941036134,85.6868399845265,84.5989254721613,74.2573927353671
Benin,BEN,NaN,NaN,NaN,NaN,NaN,NaN,NaN,NaN,NaN,NaN,NaN,NaN,NaN,NaN,NaN,NaN,NaN,NaN,NaN,NaN,NaN,NaN,NaN,NaN,NaN,NaN,NaN,0,0,0,0,0,0,0,0,0,0,3.37199325575367,5.85664916163134,6.48548138843236,6.35452965282968,10.3068585218438,5.22048647913304,4.73241928501882,5.83105320591317,6.81977833294908,7.21608247015711,7.43970494772805,12.4375493406349,17.0578935297831,5.50063057753526,6.53113859949378,7.68896373644962,6.84354662961161,7.61158845044034,5.58177545170083
Bermuda,BMU,NaN,NaN,NaN,NaN,NaN,NaN,NaN,NaN,NaN,NaN,NaN,NaN,NaN,NaN,NaN,NaN,NaN,NaN,NaN,NaN,NaN,NaN,NaN,NaN,NaN,NaN,NaN,NaN,NaN,NaN,NaN,NaN,NaN,NaN,NaN,0,0,0,0,0,0,0,0,0,0,0,0,0,0,0,0,5.53233307772516,1.04166205217467,NaN,NaN,NaN
Bhutan,BTN,NaN,NaN,NaN,NaN,NaN,NaN,NaN,NaN,NaN,NaN,NaN,NaN,NaN,NaN,NaN,NaN,NaN,NaN,NaN,NaN,NaN,NaN,NaN,NaN,NaN,NaN,NaN,0,0,0,0,0,20.6898200825761,17.1780334172963,0,0,0,15.3788141996445,14.0616967089754,0,0,0,0,0,15.1393423644416,27.9572417815139,30.956314845195,108.763159547613,13.1340898286231,11.154941727629,12.9050750264207,13.435251371696,0,0,0,0
Bolivia (Plurinational State of),BOL,NaN,NaN,NaN,NaN,NaN,NaN,NaN,NaN,NaN,NaN,NaN,NaN,NaN,NaN,NaN,NaN,NaN,NaN,NaN,NaN,NaN,NaN,NaN,NaN,NaN,NaN,NaN,0,0,0,0,13.795139109348,15.1201820555136,25.602689309292,23.2189040636338,30.5070187561553,32.0418656102145,34.4278051681117,31.6580628532365,38.5475629772859,37.1986081336653,42.9346949989752,45.8964308791534,53.1596810797301,51.4146008001339,49.6951095947902,56.9503578562215,57.2330085026047,54.7809040264513,54.12519658331,50.9678247361487,60.6817308835216,67.0101510490182,59.1600416049627,43.7913807711994,39.4603391642253
Bosnia and Herzegovina,BIH,NaN,NaN,NaN,NaN,NaN,NaN,NaN,NaN,NaN,NaN,NaN,NaN,NaN,NaN,NaN,NaN,NaN,NaN,NaN,NaN,NaN,NaN,NaN,NaN,NaN,NaN,NaN,NaN,NaN,NaN,NaN,NaN,NaN,0,0,0,0,0,0,0,0,0,8.34799135402054,9.76261894152073,15.1556987916604,16.589163666799,18.7056217726253,22.3037493729704,24.7468989125059,30.5102503988998,32.1142221131129,36.8136242316316,34.7477669379952,38.046995162436,43.6009473217486,46.7938050631557
Botswana,BWA,NaN,NaN,NaN,NaN,NaN,NaN,NaN,NaN,NaN,NaN,NaN,NaN,NaN,NaN,NaN,NaN,NaN,NaN,NaN,NaN,NaN,NaN,NaN,NaN,NaN,NaN,NaN,0,0,0,0,0,0,0,0,0,0,0,0,48.0470042024105,56.7332844114362,73.7613309764432,44.1536968730022,43.4498585077269,63.180509176361,59.2663504283267,58.4987807805683,54.1930167250399,60.7103966335987,74.7035964010302,34.6615732761567,31.7785441825752,51.8052348094981,47.282642287039,44.6018664091682,39.7569240637898
Brazil,BRA,NaN,NaN,NaN,NaN,NaN,NaN,NaN,NaN,NaN,NaN,NaN,NaN,NaN,NaN,NaN,NaN,NaN,NaN,NaN,NaN,NaN,NaN,NaN,NaN,NaN,NaN,NaN,0,26.3102352327644,27.6206573497118,19.4430468911491,34.205547532268,34.650893583649,26.9038758067205,35.0593448789691,35.8028823236104,40.1425478440238,37.3690888708687,50.3142915356806,41.6891570196842,60.5634115578923,61.5713587359554,61.7772836135564,73.039897134072,75.9073414853623,74.9465946166177,71.3948279024674,73.9699493285077,72.0600828619606,68.7977515344343,70.1698716988355,78.1592197587458,76.1996058177818,75.9847664447996,93.2880575958649,79.3486941372807
British Virgin Islands,VGB,NaN,NaN,NaN,NaN,NaN,NaN,NaN,NaN,NaN,NaN,NaN,NaN,NaN,NaN,NaN,NaN,NaN,NaN,NaN,NaN,NaN,NaN,NaN,NaN,NaN,NaN,NaN,NaN,NaN,NaN,NaN,NaN,NaN,NaN,NaN,NaN,NaN,NaN,NaN,NaN,NaN,NaN,NaN,NaN,NaN,NaN,NaN,NaN,NaN,NaN,NaN,NaN,NaN,NaN,NaN,NaN
Brunei Darussalam,BRN,NaN,NaN,NaN,NaN,NaN,NaN,NaN,NaN,NaN,NaN,NaN,NaN,NaN,NaN,NaN,NaN,NaN,NaN,NaN,NaN,NaN,NaN,NaN,NaN,NaN,NaN,NaN,0,0,0,0,0.0235388877810771,0.0136348802199429,0,0,0,2.44212298251712,2.08038667472613,0,0,0.589183268153516,1.07896181512272,0.966268046500561,2.29027283288422,0,8.38153391901383,5.85915610692471,4.07325024131949,1.76387420321902,3.42627843964956,4.40206798283474,4.93064684811743,14.9325828300345,27.8671209343716,5.05650831094815,6.11792361681339
Bulgaria,BGR,NaN,NaN,NaN,NaN,NaN,NaN,NaN,NaN,NaN,NaN,NaN,NaN,NaN,NaN,NaN,NaN,NaN,NaN,NaN,NaN,NaN,NaN,NaN,NaN,NaN,NaN,NaN,0,0,0,0,0,0,0,0,78.2606368957343,30.449844803753,34.2959412436607,35.1022313685675,34.0520996835356,33.9221781619793,45.2076350483526,41.5411318619763,48.2935990324159,58.2929590859786,63.4882161345061,79.8442545472673,88.652915340765,127.029702315569,161.283112867958,170.144039508859,170.547360740782,206.625672496872,187.262660629129,197.188994657373,203.735480641379
Burkina Faso,BFA,NaN,NaN,NaN,NaN,NaN,NaN,NaN,NaN,NaN,NaN,NaN,NaN,NaN,NaN,NaN,NaN,NaN,NaN,NaN,NaN,NaN,NaN,NaN,NaN,NaN,NaN,NaN,0,0,0,0,0,0,0,4.60876926727677,3.5505769478845,4.20965156256138,3.81466675331624,4.11989589317595,4.27881304464656,3.97325953074165,2.90853367790166,4.06603250288845,4.75200291004075,2.85075738425864,0,5.29483446355087,3.76522549365275,4.17524099851057,4.69789123849593,6.202439541389,5.30987496142162,8.30880927485396,8.09397095763547,11.6643472444132,9.8172738617223
Burundi,BDI,NaN,NaN,NaN,NaN,NaN,NaN,NaN,NaN,NaN,NaN,NaN,NaN,NaN,NaN,NaN,NaN,NaN,NaN,NaN,NaN,NaN,NaN,NaN,NaN,NaN,NaN,NaN,0,0,0,0,0,10.9080145063744,23.419293659886,25.581643923288,11.7497346432497,16.3942357568492,21.5602509039998,11.3881825543053,9.61484526022173,8.25954455199227,6.13947580361545,8.86133745857985,9.54790410793612,11.3130674412305,8.14199532885485,11.8475542276854,8.84186291714921,8.85757812527993,11.4564370094328,10.636787670752,9.46919657798797,5.56062205798023,7.30205620927874,6.26430340442709,7.11946340279985
Cambodia,KHM,NaN,NaN,NaN,NaN,NaN,NaN,NaN,NaN,NaN,NaN,NaN,NaN,NaN,NaN,NaN,NaN,NaN,NaN,NaN,NaN,NaN,NaN,NaN,NaN,NaN,NaN,NaN,NaN,NaN,NaN,NaN,NaN,0,0,0,0,0,0,0,1.02795819328069,1.3452453966489,1.14898172175048,0.778968716588506,2.09263735980508,1.51751980880957,1.22086334983888,1.17381780059539,0.898595303598434,1.65858651275807,2.40866100232685,4.06322568701175,4.49665698007461,8.39819016235054,7.51332894289073,8.87215928272297,9.57290195517765
Cameroon,CMR,NaN,NaN,NaN,NaN,NaN,NaN,NaN,NaN,NaN,NaN,NaN,NaN,NaN,NaN,NaN,NaN,NaN,NaN,NaN,NaN,NaN,NaN,NaN,NaN,NaN,NaN,NaN,0,0,0,0,0,0,0,24.4016732064433,23.2638265762822,21.354344920929,0,0,16.2637663482833,16.3067411318661,19.6390717903304,19.4919598553581,17.7318876302736,16.7451446762725,16.9147726270409,16.7558758768192,19.961474058478,23.398968424047,25.8125132624887,21.8301303673035,18.4035358391586,16.7107674499737,18.2297656501913,23.1494868055394,19.5328276982468
Canada,CAN,NaN,NaN,NaN,NaN,NaN,NaN,NaN,NaN,NaN,NaN,NaN,NaN,NaN,NaN,NaN,NaN,NaN,NaN,NaN,NaN,NaN,NaN,NaN,NaN,NaN,NaN,NaN,NaN,NaN,NaN,NaN,NaN,NaN,NaN,NaN,NaN,NaN,NaN,NaN,NaN,NaN,NaN,NaN,NaN,NaN,NaN,156.700909618935,160.316231881083,177.917680200949,174.170738319811,152.883015589324,157.679125250559,151.608548156205,195.142759094581,NaN,NaN
Cape Verde,CPV,NaN,NaN,NaN,NaN,NaN,NaN,NaN,NaN,NaN,NaN,NaN,NaN,NaN,NaN,NaN,NaN,NaN,NaN,NaN,NaN,NaN,NaN,NaN,NaN,NaN,NaN,NaN,0,0,0,0,0,0,0,0,0,5.42481996410471,3.63903629543119,2.46067080378366,1.62617326866614,0.52679837949529,1.01256357204424,1.8566823557898,1.73067291087782,8.92119502673685,13.9139110142211,6.04714860579082,0,17.9485446995565,28.5734482171337,38.861257284254,32.8375220730877,38.9003218380182,46.5384628673704,41.4426780016082,36.374340676933
Cayman Islands,CYM,NaN,NaN,NaN,NaN,NaN,NaN,NaN,NaN,NaN,NaN,NaN,NaN,NaN,NaN,NaN,NaN,NaN,NaN,NaN,NaN,NaN,NaN,NaN,NaN,NaN,NaN,NaN,NaN,NaN,NaN,NaN,NaN,NaN,NaN,NaN,NaN,NaN,NaN,NaN,NaN,NaN,NaN,NaN,NaN,NaN,0,NaN,NaN,NaN,NaN,NaN,NaN,NaN,NaN,NaN,NaN
Central African Republic,CAF,NaN,NaN,NaN,NaN,NaN,NaN,NaN,NaN,NaN,NaN,NaN,NaN,NaN,NaN,NaN,NaN,NaN,NaN,NaN,NaN,NaN,NaN,NaN,NaN,NaN,NaN,NaN,0,0,0,0,0,0.96272876173901,0.963269835216968,1.12004266910604,0.42334326008046,0.575062797345184,1.30052571598698,2.95394864530443,1.92058131342305,0.42802733920582,0.255444223235506,0.144963377514022,0.304283621187901,0.132548082405553,0.035747194493128,0.40730472805193,0.158529122057695,0.281791564918258,0.137059227623322,0.110862633159011,0.0447007500517731,0.00918845067463417,0.00331573158670745,0.0797082916165296,0.0453980214159558
Chad,TCD,NaN,NaN,NaN,NaN,NaN,NaN,NaN,NaN,NaN,NaN,NaN,NaN,NaN,NaN,NaN,NaN,NaN,NaN,NaN,NaN,NaN,NaN,NaN,NaN,NaN,NaN,NaN,0,0,0,0,0,0,0,0,0,0,0,0,0,0,0,0,0,0,0,0,0,0,0,0,0,0,0,0,0
Chile,CHL,NaN,NaN,NaN,NaN,NaN,NaN,NaN,NaN,NaN,NaN,NaN,NaN,NaN,NaN,NaN,NaN,NaN,NaN,NaN,NaN,NaN,NaN,NaN,NaN,NaN,NaN,NaN,0,0,81.9900626669497,75.2588613739666,73.8928367935063,74.252324566427,80.8105607596414,85.8347758377687,101.423045496242,93.3220865160339,93.7039819129859,105.853556681817,110.584667326787,163.142469325674,160.793899703709,183.207975167885,181.245820528067,163.100086814883,156.856484536427,166.256248797227,188.377813067777,177.492379614608,154.738039397484,159.065375735878,168.375974513465,173.354401866689,169.560624976222,170.090442918761,162.999412793445
China,CHN,NaN,NaN,NaN,NaN,NaN,NaN,NaN,NaN,NaN,NaN,NaN,NaN,NaN,NaN,NaN,NaN,NaN,NaN,NaN,NaN,NaN,NaN,NaN,NaN,NaN,NaN,NaN,0,0,0,0.0254028925568839,11.5666873624228,13.4384213634228,12.9648594681995,10.0880235503798,8.7026270966105,8.87668540546049,7.85224552618908,7.53113127871508,8.57005381859019,8.43748138517747,9.08846250091214,10.2600901491621,9.07884747275152,10.1131578265307,10.4934545961995,9.85242413177671,8.35705141159669,7.75842492799293,8.30543607944002,8.31293048458368,7.68098285871165,7.41963362925033,7.41328851374552,7.07236499638898,7.52954189387499
Colombia,COL,NaN,NaN,NaN,NaN,NaN,NaN,NaN,NaN,NaN,NaN,NaN,NaN,NaN,NaN,NaN,NaN,NaN,NaN,NaN,NaN,NaN,NaN,NaN,NaN,NaN,NaN,NaN,0,0,0,37.7473458727887,34.6477595105657,33.4489569701559,30.5588085506174,28.0893765711814,27.1627810705817,31.6425408220701,30.6240422091433,29.9832605599924,37.3275959600006,34.9550115204142,34.6231230835599,37.7201587558914,38.2790582275069,40.3599140102632,40.8117385985573,39.2475941995772,39.608386188031,36.9052496927825,30.6966165884753,33.5330573142111,30.7465432795675,30.9582397039966,33.8995218881346,39.0067455928382,36.375761776359
Comoros,COM,NaN,NaN,NaN,NaN,NaN,NaN,NaN,NaN,NaN,NaN,NaN,NaN,NaN,NaN,NaN,NaN,NaN,NaN,NaN,NaN,NaN,NaN,NaN,NaN,NaN,NaN,NaN,0,0,0,0,0,0,0,8.88107725427379,4.16229138477443,3.99289850462489,2.78384704792798,4.54216522855561,8.01282559594352,8.19382453085534,8.95426922007464,4.82929042813162,5.03116491751513,2.07369873844401,1.34180656919545,0.622940916709227,1.31241109734528,3.53026127481532,4.63189877706852,7.75236647643897,4.91713045078295,3.54578484710437,0,0,NaN
Congo,COG,NaN,NaN,NaN,NaN,NaN,NaN,NaN,NaN,NaN,NaN,NaN,NaN,NaN,NaN,NaN,NaN,NaN,NaN,NaN,NaN,NaN,NaN,NaN,NaN,NaN,NaN,NaN,0,0,0,0,0,5.59554114955859,4.57357433815659,4.96327895136894,0,0,0,0,0,0,0,0,0,0,0,6.3165855687139,8.38898968813669,8.20811239562315,7.26365704237264,4.16551070997485,2.91668274988483,2.51602241260237,2.38805285764568,0,0
Cook Islands,COK,NaN,NaN,NaN,NaN,NaN,NaN,NaN,NaN,NaN,NaN,NaN,NaN,NaN,NaN,NaN,NaN,NaN,NaN,NaN,NaN,NaN,NaN,NaN,NaN,NaN,NaN,NaN,NaN,NaN,NaN,NaN,NaN,NaN,NaN,NaN,NaN,NaN,NaN,NaN,NaN,NaN,NaN,NaN,NaN,NaN,NaN,NaN,NaN,NaN,NaN,NaN,NaN,NaN,NaN,NaN,NaN
Costa Rica,CRI,NaN,NaN,NaN,NaN,NaN,NaN,NaN,NaN,NaN,NaN,NaN,NaN,NaN,NaN,NaN,NaN,NaN,NaN,NaN,NaN,NaN,NaN,NaN,NaN,NaN,NaN,NaN,0,0,0,0,0,0,114.777539019964,126.065288208837,143.362860974919,136.33425530618,137.753939086391,123.798425120317,130.744952377442,126.691806834446,123.009206650217,125.967374120517,129.407971436772,136.07841618186,123.103915573513,135.344381552275,157.984899416495,107.847823277806,135.839415221448,153.641806572886,160.755299506995,166.601502930934,168.064837909142,156.690969251204,154.265045085803
Croatia,HRV,NaN,NaN,NaN,NaN,NaN,NaN,NaN,NaN,NaN,NaN,NaN,NaN,NaN,NaN,NaN,NaN,NaN,NaN,NaN,NaN,NaN,NaN,NaN,NaN,NaN,NaN,NaN,NaN,NaN,NaN,NaN,NaN,NaN,NaN,38.6574769917191,38.262848254886,41.1039166589688,36.518274352974,30.844590584978,34.9706118696709,37.7397198485403,39.6210207553524,51.1768315944466,38.0331413531287,48.4257147238753,54.2882231778731,53.2330769593477,46.9535081988147,49.8381783240276,54.4713273044728,62.3222188235594,74.2558763197651,72.8334652973601,86.0138006415589,98.7344905635914,109.903815186572
Cuba,CUB,NaN,NaN,NaN,NaN,NaN,NaN,NaN,NaN,NaN,NaN,NaN,NaN,NaN,NaN,NaN,NaN,NaN,NaN,NaN,NaN,NaN,NaN,NaN,NaN,NaN,NaN,NaN,0,0,0,0,0,0,0,0,0,0,0,50.8413366494048,41.8239213450682,49.182124278786,38.420927348649,32.9955796094883,33.9574463049602,28.9897043980517,17.5794631676976,0,0,0,0,0,0,0,0,0,NaN
Cyprus,CYP,NaN,NaN,NaN,NaN,NaN,NaN,NaN,NaN,NaN,NaN,NaN,NaN,NaN,NaN,NaN,NaN,NaN,NaN,NaN,NaN,NaN,NaN,NaN,NaN,NaN,NaN,NaN,0,59.6244728542404,62.9860190712278,61.4715832686167,49.0777290181024,43.0832831382328,46.2683514666554,51.5905827042599,46.5062154498843,41.6149390454054,36.8401827947396,37.0596057549557,37.3388772992121,33.3161272505551,30.7388105532355,35.4383414392972,43.3720753833178,45.3130238670373,48.7682029995806,57.0568417631893,52.4911943165206,48.5457303327144,48.5864541973737,54.4738479435814,57.4004275260682,71.5914628709202,79.3259605934161,80.7365380372081,94.8152812980798
Czech Republic,CZE,NaN,NaN,NaN,NaN,NaN,NaN,NaN,NaN,NaN,NaN,NaN,NaN,NaN,NaN,NaN,NaN,NaN,NaN,NaN,NaN,NaN,NaN,NaN,NaN,NaN,NaN,NaN,NaN,NaN,NaN,NaN,NaN,64.962845566524,52.3775003498167,56.7061031616882,51.3062055544223,60.1466313977689,58.8503061870043,57.203897823887,64.9488576607235,64.5516313768152,74.0654228052557,74.5329001707514,85.7821896008791,108.421006413513,106.054707146859,129.243675976781,133.590252233186,156.526437207521,168.774308598724,139.68372974514,156.412912282313,163.682036374097,169.673649716046,197.316351975505,192.117787343965
Czechoslovakia,[],NaN,NaN,NaN,NaN,NaN,NaN,NaN,NaN,NaN,NaN,NaN,NaN,NaN,NaN,NaN,NaN,NaN,NaN,NaN,NaN,NaN,NaN,NaN,NaN,NaN,NaN,NaN,NaN,NaN,NaN,NaN,NaN,NaN,NaN,NaN,NaN,NaN,NaN,NaN,NaN,NaN,NaN,NaN,NaN,NaN,NaN,NaN,NaN,NaN,NaN,NaN,NaN,NaN,NaN,NaN,NaN
C?te dIvoire,CIV,NaN,NaN,NaN,NaN,NaN,NaN,NaN,NaN,NaN,NaN,NaN,NaN,NaN,NaN,NaN,NaN,NaN,NaN,NaN,NaN,NaN,NaN,NaN,NaN,NaN,NaN,NaN,0,0,0,0,0,0,0,70.2735246702757,72.2711614966951,88.6755031045713,85.6425169383373,82.6927589242298,67.399815016634,66.9465041768412,86.6445289144181,66.4416039273719,76.3874322778219,71.8838111640223,70.9958187730293,71.2731923106235,71.8130566102434,94.4718894501118,82.0736395917561,78.4632149485094,78.5926066883739,67.5710683266054,85.876665709821,88.4432515757411,0
Democratic Peoples Republic of Korea,PRK,NaN,NaN,NaN,NaN,NaN,NaN,NaN,NaN,NaN,NaN,NaN,NaN,NaN,NaN,NaN,NaN,NaN,NaN,NaN,NaN,NaN,NaN,NaN,NaN,NaN,NaN,NaN,NaN,NaN,NaN,NaN,NaN,NaN,NaN,NaN,NaN,NaN,NaN,NaN,NaN,NaN,NaN,NaN,NaN,NaN,NaN,NaN,NaN,NaN,NaN,NaN,NaN,NaN,NaN,NaN,NaN
Democratic Republic of the Congo,COD,NaN,NaN,NaN,NaN,NaN,NaN,NaN,NaN,NaN,NaN,NaN,NaN,NaN,NaN,NaN,NaN,NaN,NaN,NaN,NaN,NaN,NaN,NaN,NaN,NaN,NaN,NaN,0,0,0,0,0,0,0,0,0,0,0,0,0,0,0,0,0,0,0,0,0,0,0,0,0,0,0,0,0
Denmark,DNK,NaN,NaN,NaN,NaN,NaN,NaN,NaN,NaN,NaN,NaN,NaN,NaN,NaN,NaN,NaN,NaN,NaN,NaN,NaN,NaN,NaN,NaN,NaN,NaN,NaN,NaN,NaN,0,210.463160493111,222.851307707282,247.545194863172,259.444597842079,264.585345345451,273.513612745832,237.10714287652,230.250579648586,268.073792900891,303.278785717039,315.230069042205,291.422894379485,284.886020919462,368.726664965904,386.859005142512,370.684842470742,517.689802900236,521.155120792145,505.332040119178,697.164888871883,696.506366645584,484.640424955136,468.422214035785,377.650248232899,486.646970594144,442.793654314585,756.298392269527,764.531310918192
Djibouti,DJI,NaN,NaN,NaN,NaN,NaN,NaN,NaN,NaN,NaN,NaN,NaN,NaN,NaN,NaN,NaN,NaN,NaN,NaN,NaN,NaN,NaN,NaN,NaN,NaN,NaN,NaN,NaN,NaN,NaN,NaN,NaN,NaN,NaN,NaN,NaN,NaN,NaN,NaN,NaN,NaN,NaN,NaN,NaN,NaN,NaN,NaN,NaN,NaN,NaN,NaN,NaN,NaN,0,0,0,0
Dominica,DMA,NaN,NaN,NaN,NaN,NaN,NaN,NaN,NaN,NaN,NaN,NaN,NaN,NaN,NaN,NaN,NaN,NaN,NaN,NaN,NaN,NaN,NaN,NaN,NaN,NaN,NaN,NaN,0,0,0,0,0,90.8740726133915,68.7920740423625,68.2252197288134,64.8907162807607,67.6377312792334,0,57.0748472433301,50.791001399252,41.6256340471968,45.1859600368262,36.0695825009488,37.0430015736822,33.5772306974329,34.7482217962129,28.6352929175139,29.169533972666,26.0480561352713,13.3787568115903,0,6.90047839569372,0,0,0,0
Dominican Republic,DOM,NaN,NaN,NaN,NaN,NaN,NaN,NaN,NaN,NaN,NaN,NaN,NaN,NaN,NaN,NaN,NaN,NaN,NaN,NaN,NaN,NaN,NaN,NaN,NaN,NaN,NaN,NaN,0,0,0,0,0,0,0,0,26.1135450116908,28.4748209151229,0,0,0,18.9268051852807,40.4671906552858,50.3481337307638,45.9123524692739,28.9460478975826,34.0669527139973,34.7857919621519,36.8796130918721,35.7052397709332,40.7219570262447,46.6871226498811,51.406623320035,53.5456141858585,64.8046188685289,52.4391853559456,49.0460206921546
Ecuador,ECU,NaN,NaN,NaN,NaN,NaN,NaN,NaN,NaN,NaN,NaN,NaN,NaN,NaN,NaN,NaN,NaN,NaN,NaN,NaN,NaN,NaN,NaN,NaN,NaN,NaN,NaN,NaN,0,0,0,45.1725338956875,45.1619814499017,33.0597058996644,42.5290051308595,43.7375873590232,48.669411921862,54.889143170383,57.4688371603057,73.7156532985381,68.137038776393,70.8098987982443,76.1916950597329,78.7257853591383,77.339467577531,80.6064423648619,88.4854705459582,87.4449130924612,96.2716308387656,89.0878800294704,86.704583125133,96.9520253074803,98.936430280004,101.913588808485,103.940029931636,98.8943612853148,100.589426200336
Egypt,EGY,NaN,NaN,NaN,NaN,NaN,NaN,NaN,NaN,NaN,NaN,NaN,NaN,NaN,NaN,NaN,NaN,NaN,NaN,NaN,NaN,NaN,NaN,NaN,NaN,NaN,NaN,NaN,0,0,0,0,0,0,3.87755838190374,3.99119101407796,3.90021440219844,2.66639108044461,3.06182876012441,2.3723274477351,2.61323980249653,2.93369658608939,3.25596100630407,4.39642788267718,7.07466119546836,7.8372382560091,6.67308717236592,7.66430165399237,14.4878721017051,18.0270638976024,16.5095254657669,15.1654881444535,14.1438237055811,15.0641990152784,13.979368975745,12.5515810045523,11.9350655167721
El Salvador,SLV,NaN,NaN,NaN,NaN,NaN,NaN,NaN,NaN,NaN,NaN,NaN,NaN,NaN,NaN,NaN,NaN,NaN,NaN,NaN,NaN,NaN,NaN,NaN,NaN,NaN,NaN,NaN,0,0,0,0,0,0,44.7245486155337,55.3523532282418,52.7439332738389,67.8610324114788,57.5367542223004,55.9776595079506,68.1341109559089,52.3988824871395,55.988752348313,60.2689344914652,61.9237974536827,69.5302675773313,85.8824516846525,76.4029589729154,88.3369309626733,70.6963169821502,75.3350627784257,90.5823490861222,93.7118347885154,103.499200434327,0.0783773410120382,82.0530791014663,0.0709366550055371
Equatorial Guinea,GNQ,NaN,NaN,NaN,NaN,NaN,NaN,NaN,NaN,NaN,NaN,NaN,NaN,NaN,NaN,NaN,NaN,NaN,NaN,NaN,NaN,NaN,NaN,NaN,NaN,NaN,NaN,NaN,NaN,NaN,NaN,NaN,NaN,NaN,NaN,NaN,NaN,NaN,NaN,NaN,NaN,NaN,NaN,NaN,NaN,NaN,0,0,0,0,0,0,0,0,0,0,0
Eritrea,ERI,NaN,NaN,NaN,NaN,NaN,NaN,NaN,NaN,NaN,NaN,NaN,NaN,NaN,NaN,NaN,NaN,NaN,NaN,NaN,NaN,NaN,NaN,NaN,NaN,NaN,NaN,NaN,NaN,NaN,NaN,NaN,0,0,0,0,0,0,0,0,0,0,0,3.27781693137536,0,0,0,0,0,0,NaN,NaN,NaN,NaN,NaN,NaN,NaN
Estonia,EST,NaN,NaN,NaN,NaN,NaN,NaN,NaN,NaN,NaN,NaN,NaN,NaN,NaN,NaN,NaN,NaN,NaN,NaN,NaN,NaN,NaN,NaN,NaN,NaN,NaN,NaN,NaN,NaN,NaN,NaN,NaN,NaN,NaN,NaN,137.381583069951,146.562838038309,211.330634976081,171.500372017095,148.683456691286,126.697711471644,154.168441210278,186.54862428664,170.882969137291,148.059353493176,155.288432889475,166.184249331198,163.729981490747,215.731402619611,256.443323689114,235.288846737443,206.361388763233,232.897439054931,248.631302275867,225.56554371867,232.520595542008,249.958938402288
Ethiopia,ETH,NaN,NaN,NaN,NaN,NaN,NaN,NaN,NaN,NaN,NaN,NaN,NaN,NaN,NaN,NaN,NaN,NaN,NaN,NaN,NaN,NaN,NaN,NaN,NaN,NaN,NaN,NaN,0,0,0,0,0,0,0,8.44406522464787,0,10.3361053387472,13.025127313882,11.4207574488972,10.6930339900085,8.60311370790948,10.9202899738674,13.5177854229426,11.4673401462769,15.4155215739098,13.3167649926038,11.8304847452201,10.8053517511419,8.98985322423481,15.1862035542603,16.658733428236,12.6745725803974,16.8227441884664,18.4514564948674,16.017906271462,4.63537566220425
Ethiopia PDR,[],NaN,NaN,NaN,NaN,NaN,NaN,NaN,NaN,NaN,NaN,NaN,NaN,NaN,NaN,NaN,NaN,NaN,NaN,NaN,NaN,NaN,NaN,NaN,NaN,NaN,NaN,NaN,NaN,NaN,NaN,NaN,NaN,NaN,NaN,NaN,NaN,NaN,NaN,NaN,NaN,NaN,NaN,NaN,NaN,NaN,NaN,NaN,NaN,NaN,NaN,NaN,NaN,NaN,NaN,NaN,NaN
Faroe Islands,FRO,NaN,NaN,NaN,NaN,NaN,NaN,NaN,NaN,NaN,NaN,NaN,NaN,NaN,NaN,NaN,NaN,NaN,NaN,NaN,NaN,NaN,NaN,NaN,NaN,NaN,NaN,NaN,NaN,NaN,NaN,NaN,NaN,NaN,NaN,NaN,NaN,NaN,NaN,NaN,NaN,NaN,NaN,NaN,NaN,NaN,NaN,NaN,NaN,NaN,NaN,NaN,NaN,NaN,NaN,NaN,NaN
Fiji,FJI,NaN,NaN,NaN,NaN,NaN,NaN,NaN,NaN,NaN,NaN,NaN,NaN,NaN,NaN,NaN,NaN,NaN,NaN,NaN,NaN,NaN,NaN,NaN,NaN,NaN,NaN,NaN,0,0,0,0,0,0,0,0,0,0,0,0,78.3226397111789,97.6554517795408,83.8287177753266,84.9901798942383,78.1934364445903,84.0368898813483,79.8851278043667,85.062334589621,111.405457873172,106.435805757011,103.21360232854,89.6741791620577,87.3123349055033,75.2296044696464,91.9808887863589,78.946810800821,61.2055716711685
Finland,FIN,NaN,NaN,NaN,NaN,NaN,NaN,NaN,NaN,NaN,NaN,NaN,NaN,NaN,NaN,NaN,NaN,NaN,NaN,NaN,NaN,NaN,NaN,NaN,NaN,NaN,NaN,NaN,7.64115273385388,7.87662282586264,8.64375094250049,9.55112185593576,12.9457320251266,19.2861477256314,23.964576958222,19.1901123567104,25.8434420312759,27.5886513756833,26.6016719423552,21.1328205782914,21.0754518743421,24.297155624595,24.2897169115663,24.5909529219784,25.86111838481,26.6729859641288,32.079405627507,30.9636820536311,35.1449927897238,26.4971886248304,31.2645635996353,35.1235981274054,35.6336763397148,32.2144686112799,31.2285672247735,28.6729534188458,26.5149844678737
France,FRA,NaN,NaN,NaN,NaN,NaN,NaN,NaN,NaN,NaN,NaN,NaN,NaN,NaN,NaN,NaN,NaN,NaN,NaN,NaN,NaN,NaN,NaN,NaN,NaN,NaN,NaN,NaN,0,0,0,0,0,0,106.104819285983,107.102412860401,106.382520033588,116.743920769564,111.303100409648,113.830152454529,119.006459808344,111.48902510797,119.447650692494,128.029053189407,124.0408008526,132.474893167865,149.590600233712,141.531953029397,160.420432517785,167.786444513261,149.742660070218,162.82459780597,166.242119840349,188.565800841069,167.654341192978,165.33847945094,176.254694768631
French Guiana,GUF,NaN,NaN,NaN,NaN,NaN,NaN,NaN,NaN,NaN,NaN,NaN,NaN,NaN,NaN,NaN,NaN,NaN,NaN,NaN,NaN,NaN,NaN,NaN,NaN,NaN,NaN,NaN,NaN,NaN,NaN,NaN,NaN,NaN,NaN,NaN,NaN,NaN,NaN,NaN,NaN,NaN,NaN,NaN,NaN,NaN,NaN,NaN,NaN,NaN,NaN,NaN,NaN,NaN,NaN,NaN,NaN
French Polynesia,PYF,NaN,NaN,NaN,NaN,NaN,NaN,NaN,NaN,NaN,NaN,NaN,NaN,NaN,NaN,NaN,NaN,NaN,NaN,NaN,NaN,NaN,NaN,NaN,NaN,NaN,NaN,NaN,NaN,NaN,0,0,0,0,0,0,5.9941115941537,9.28314619671882,6.61805692858902,7.45930051267087,9.22842088334353,NaN,NaN,NaN,NaN,NaN,NaN,NaN,NaN,NaN,NaN,NaN,NaN,NaN,NaN,NaN,NaN
Gabon,GAB,NaN,NaN,NaN,NaN,NaN,NaN,NaN,NaN,NaN,NaN,NaN,NaN,NaN,NaN,NaN,NaN,NaN,NaN,NaN,NaN,NaN,NaN,NaN,NaN,NaN,NaN,NaN,0,0,0,0,0,1.22847383833521,0.648693177300151,0,1.43137437415909,2.81501592762762,4.27679346530596,4.29477437687097,6.98488286859908,6.70196510450422,5.08034946862248,3.67482773327665,8.1915601868547,11.9417052941752,9.96614275248107,6.51364597747711,6.02951989336948,6.65825010571738,0,0,0,0,0,0,0
Gambia,GMB,NaN,NaN,NaN,NaN,NaN,NaN,NaN,NaN,NaN,NaN,NaN,NaN,NaN,NaN,NaN,NaN,NaN,NaN,NaN,NaN,NaN,NaN,NaN,NaN,NaN,NaN,NaN,0,0,0,0,0,0,0,6.5506594195761,5.74191532231011,2.29651495028727,12.0718900279729,5.40359942062976,6.64170719765734,3.17926619369211,11.5680320944291,1.98377566870508,6.54490851914256,3.69554142549869,6.57561975432756,6.77955721485218,3.21065222479268,8.60909639976483,10.7419307543822,5.41124233698324,5.47506760574633,6.26456260272007,5.51788248827835,0,38.1714877731626
Georgia,GEO,NaN,NaN,NaN,NaN,NaN,NaN,NaN,NaN,NaN,NaN,NaN,NaN,NaN,NaN,NaN,NaN,NaN,NaN,NaN,NaN,NaN,NaN,NaN,NaN,NaN,NaN,NaN,NaN,NaN,0,0,0,0,0,0,5.84711941979116,8.21908537210977,7.36930486236461,9.56671895138665,14.7048314279668,12.3928888859562,16.0034839905661,21.3748194748851,24.0811510753086,32.0957636828872,27.0797975735218,31.9206584950379,24.0778229341869,30.051873686388,31.9319305478589,31.9308914277996,38.3174349467387,52.1752320904071,57.063333199175,50.2012673631366,53.6047046229074
Germany,DEU,NaN,NaN,NaN,NaN,NaN,NaN,NaN,NaN,NaN,NaN,NaN,NaN,NaN,NaN,NaN,NaN,NaN,NaN,NaN,NaN,NaN,NaN,NaN,NaN,NaN,NaN,NaN,NaN,NaN,NaN,114.037108440053,120.373444943675,115.471861876846,118.29159306754,114.512504002637,117.376274702746,122.680534919512,135.820323263075,134.247993728732,128.91265420201,134.194939365893,165.638420851319,172.088777694236,153.9304576055,234.774200702856,241.280594384632,236.638368959103,245.362351059128,295.824834650706,314.835752249605,304.417349863724,333.387709167768,270.1684668423,335.751046530356,410.874059454221,405.777165534012
Ghana,GHA,NaN,NaN,NaN,NaN,NaN,NaN,NaN,NaN,NaN,NaN,NaN,NaN,NaN,NaN,NaN,NaN,NaN,NaN,NaN,NaN,NaN,NaN,NaN,NaN,NaN,NaN,NaN,0,0,0,0,0,0,0,0,37.3279560860844,24.7733476316893,24.3859414078724,23.6894434206684,27.9019583658079,18.706867108422,0,33.5706537997338,37.9079086770209,28.4547755294743,25.7603448279792,19.3259905364724,16.9284365541449,16.1872637832453,12.684829623903,39.3518183782718,28.3497542146376,22.6120798561663,0,0,42.3851622337709
Greece,GRC,NaN,NaN,NaN,NaN,NaN,NaN,NaN,NaN,NaN,NaN,NaN,NaN,NaN,NaN,NaN,NaN,NaN,NaN,NaN,NaN,NaN,NaN,NaN,NaN,NaN,NaN,NaN,NaN,NaN,NaN,NaN,NaN,NaN,NaN,32.2322520601153,36.8194224485021,34.0166582570952,34.8150234256453,37.5605422060077,33.6516491133017,35.134017469557,32.5210892339516,29.9748814977497,29.8039398694435,36.280270753775,48.8027129684444,48.7932545728269,60.7313505125016,59.7074190707526,64.7704670446743,73.0384700063965,76.125037597046,84.3288573684741,77.9337137244293,80.8323830026025,95.4005271664352
Grenada,GRD,NaN,NaN,NaN,NaN,NaN,NaN,NaN,NaN,NaN,NaN,NaN,NaN,NaN,NaN,NaN,NaN,NaN,NaN,NaN,NaN,NaN,NaN,NaN,NaN,NaN,NaN,NaN,0,0,0,0,0,63.2654130449422,71.7083623376239,69.9996081533021,72.1483813719237,84.7618349898414,90.4580658208461,107.602683227715,93.0839780687412,94.4202227745668,73.0807531682161,63.9539405240077,66.0335140297851,83.9009233624582,49.3827627245735,53.4192092532324,57.3311384842312,0,0,0,0,0,0,0,0
Guadeloupe,GLP,NaN,NaN,NaN,NaN,NaN,NaN,NaN,NaN,NaN,NaN,NaN,NaN,NaN,NaN,NaN,NaN,NaN,NaN,NaN,NaN,NaN,NaN,NaN,NaN,NaN,NaN,NaN,NaN,NaN,NaN,NaN,NaN,NaN,NaN,NaN,NaN,NaN,NaN,NaN,NaN,NaN,NaN,NaN,NaN,NaN,NaN,NaN,NaN,NaN,NaN,NaN,NaN,NaN,NaN,NaN,NaN
Guam,GUM,NaN,NaN,NaN,NaN,NaN,NaN,NaN,NaN,NaN,NaN,NaN,NaN,NaN,NaN,NaN,NaN,NaN,NaN,NaN,NaN,NaN,NaN,NaN,NaN,NaN,NaN,NaN,NaN,NaN,NaN,NaN,NaN,NaN,NaN,NaN,NaN,NaN,NaN,NaN,NaN,NaN,NaN,NaN,NaN,NaN,NaN,NaN,NaN,NaN,NaN,NaN,NaN,NaN,NaN,NaN,NaN
Guatemala,GTM,NaN,NaN,NaN,NaN,NaN,NaN,NaN,NaN,NaN,NaN,NaN,NaN,NaN,NaN,NaN,NaN,NaN,NaN,NaN,NaN,NaN,NaN,NaN,NaN,NaN,NaN,NaN,0,0,0,0,0,30.4602790154095,30.3336381484029,36.7749128352829,33.9586507345344,35.1617434404366,35.6668972228038,34.9013485940996,0,49.6568024403682,42.625594316282,44.664650922701,44.5006288447367,56.5135804132326,49.213832070724,68.8977028831382,70.5491067071516,76.1106716736092,81.2206390292436,80.9965603131739,88.6311863796828,81.9299192346544,77.3922085975943,71.3536428990679,72.6978814237137
Guinea,GIN,NaN,NaN,NaN,NaN,NaN,NaN,NaN,NaN,NaN,NaN,NaN,NaN,NaN,NaN,NaN,NaN,NaN,NaN,NaN,NaN,NaN,NaN,NaN,NaN,NaN,NaN,NaN,0,0,0,0,0,0,0,7.41865747013754,3.56224095320922,5.83250277811192,2.65084504566194,2.08670282005408,2.10992355976697,1.81033088116239,1.24194010450402,0,2.03551920616565,11.1847835270694,12.390387019392,3.51310692694474,2.16177394288438,0,0,0,0,1.88419602020822,3.83847852893367,4.33483713652706,0
Guinea-Bissau,GNB,NaN,NaN,NaN,NaN,NaN,NaN,NaN,NaN,NaN,NaN,NaN,NaN,NaN,NaN,NaN,NaN,NaN,NaN,NaN,NaN,NaN,NaN,NaN,NaN,NaN,NaN,NaN,0,0,0,0,0,0,0,0,0,0,0,0,0,0,0,29.2572531043816,24.0015461558858,8.81062589303643,0,0,0,0,0,0,0,0,0,0,0
Guyana,GUY,NaN,NaN,NaN,NaN,NaN,NaN,NaN,NaN,NaN,NaN,NaN,NaN,NaN,NaN,NaN,NaN,NaN,NaN,NaN,NaN,NaN,NaN,NaN,NaN,NaN,NaN,NaN,0,0,0,0,0,0,0,0,0,107.689500019253,109.620366593093,115.372688287577,122.638847100252,116.919277483709,112.158197734427,111.059538744412,112.266613690061,121.587267526311,92.4765569597767,104.463483466243,97.4128924067545,91.3782865080472,95.0450784570299,100.660689518923,88.0942919271691,103.380161886315,94.1806160000845,90.9176904802624,91.6848449990413
Haiti,HTI,NaN,NaN,NaN,NaN,NaN,NaN,NaN,NaN,NaN,NaN,NaN,NaN,NaN,NaN,NaN,NaN,NaN,NaN,NaN,NaN,NaN,NaN,NaN,NaN,NaN,NaN,NaN,NaN,NaN,NaN,2.64330523598266,0.899964036651699,1.09912953055097,0.477638932729652,1.97511983055876,2.0351193243472,1.34495547532902,0,0,0,0,0,0,0,0,0,0,0,0,0,0,0,0,0,0,0
Honduras,HND,NaN,NaN,NaN,NaN,NaN,NaN,NaN,NaN,NaN,NaN,NaN,NaN,NaN,NaN,NaN,NaN,NaN,NaN,NaN,NaN,NaN,NaN,NaN,NaN,NaN,NaN,NaN,0,0,0,0,0,0,68.9830624083841,78.0843209456454,119.50765574221,102.37612972122,131.280833959892,100.384568453303,74.7291824947486,65.5686684263616,62.009774461232,63.4279507370683,68.5328952758816,67.6902742363296,84.5323577995573,85.8853876312961,0,91.5515307888957,92.0599765200356,91.8676114254537,102.30398633722,0,97.2993898749952,97.7457021671193,95.4977836067478
Hungary,HUN,NaN,NaN,NaN,NaN,NaN,NaN,NaN,NaN,NaN,NaN,NaN,NaN,NaN,NaN,NaN,NaN,NaN,NaN,NaN,NaN,NaN,NaN,NaN,NaN,NaN,NaN,NaN,NaN,NaN,NaN,NaN,NaN,NaN,NaN,84.6026150734501,79.7683521123438,94.2216749852739,93.3530991562679,87.7864016314122,94.4595255569464,95.259848536559,92.7930323307352,96.9328166381045,85.6390652090019,97.0383261420294,109.359275425922,131.619057779027,148.148391509238,173.334376123822,190.331429424596,167.736947977186,198.843946381345,194.631307272279,176.885964995794,184.659991650936,181.368145158871
Iceland,ISL,NaN,NaN,NaN,NaN,NaN,NaN,NaN,NaN,NaN,NaN,NaN,NaN,NaN,NaN,NaN,NaN,NaN,NaN,NaN,NaN,NaN,NaN,NaN,NaN,NaN,NaN,NaN,NaN,NaN,NaN,NaN,NaN,NaN,NaN,NaN,NaN,220.168554770923,209.90149597536,206.644248364581,199.078714397217,211.436570777608,207.263543090875,215.407280163775,249.137338135786,227.48946262683,227.417935050178,225.216689095661,232.849815304773,235.86036339374,220.802630399818,229.741567431414,237.253811172782,253.637381236123,245.633145968707,232.53222004612,205.150565154892
India,IND,NaN,NaN,NaN,NaN,NaN,NaN,NaN,NaN,NaN,NaN,NaN,NaN,NaN,NaN,NaN,NaN,NaN,NaN,NaN,NaN,NaN,NaN,NaN,NaN,NaN,NaN,NaN,3.04196993485465,3.78342999341561,3.48863496188519,4.36097053062636,4.65489497515028,5.25898774355062,5.00411935412307,7.08950579425024,6.63307081821601,6.54003793963975,5.99469212450127,5.50669167308085,5.79518560695974,5.9897273406793,6.78187792158025,5.89778129120789,6.65909454508591,6.73173215909195,6.94380413720721,6.8556765466641,9.24984840422335,6.48107084972832,6.67719887512757,9.60009800493775,12.3197812099372,13.0248267072123,11.4464922835641,9.35077907513983,8.27904545469588
Indonesia,IDN,NaN,NaN,NaN,NaN,NaN,NaN,NaN,NaN,NaN,NaN,NaN,NaN,NaN,NaN,NaN,NaN,NaN,NaN,NaN,NaN,NaN,NaN,NaN,NaN,NaN,NaN,NaN,0,12.1733339855228,12.828848812764,14.664649731884,14.3502427744084,14.5075598739476,17.0823355392245,15.3356251828354,15.2490914581749,17.9407661088613,32.8973522902484,21.4455963187208,22.128438651268,20.1900766247727,21.051636376152,19.9390323926313,24.5738066757606,27.40555818826,25.4262924293752,28.8250833031773,33.3702505653236,24.7744313258905,24.9871221505634,28.113580639271,28.1854985780951,27.0719622711599,30.8245367516997,28.5863081455816,26.5402118626432
Iran (Islamic Republic of),IRN,NaN,NaN,NaN,NaN,NaN,NaN,NaN,NaN,NaN,NaN,NaN,NaN,NaN,NaN,NaN,NaN,NaN,NaN,NaN,NaN,NaN,NaN,NaN,NaN,NaN,NaN,NaN,0,0,0,NaN,NaN,0,0,0,0,6.31775903555841,7.22924717712805,7.74120797721769,8.67702286934498,9.04819352368908,10.9046829461865,13.1145679465821,10.9692704771966,15.0354087176518,14.7963566933874,0,0,0,16.8231514576392,15.704125351892,0,0,0,0,0
Iraq,IRQ,NaN,NaN,NaN,NaN,NaN,NaN,NaN,NaN,NaN,NaN,NaN,NaN,NaN,NaN,NaN,NaN,NaN,NaN,NaN,NaN,NaN,NaN,NaN,NaN,NaN,NaN,NaN,0,0,0,NaN,NaN,NaN,NaN,NaN,NaN,NaN,NaN,NaN,NaN,NaN,NaN,NaN,0,0,0,0,0,0,0.000182640986689577,0.241087940808369,0.203282121991161,0.0970872170601277,0.0950847895409402,0.066201634217641,0.0221569119107737
Ireland,IRL,NaN,NaN,NaN,NaN,NaN,NaN,NaN,NaN,NaN,NaN,NaN,NaN,NaN,NaN,NaN,NaN,NaN,NaN,NaN,NaN,NaN,NaN,NaN,NaN,NaN,NaN,NaN,NaN,NaN,NaN,NaN,NaN,NaN,NaN,215.259113720817,207.392801237448,199.914526482034,213.326253041858,268.545444531687,256.452746005845,280.568633688113,291.611796257108,323.560288204168,290.85524123882,430.402427401832,499.820392024247,446.462030515657,536.30373195587,791.996212395818,520.39867769921,443.628860421516,547.323511921892,497.774403468721,427.345385591383,486.28193028536,457.504760200343
Israel,ISR,NaN,NaN,NaN,NaN,NaN,NaN,NaN,NaN,NaN,NaN,NaN,NaN,NaN,NaN,NaN,NaN,NaN,NaN,NaN,NaN,NaN,NaN,NaN,NaN,NaN,NaN,NaN,NaN,NaN,NaN,NaN,NaN,NaN,NaN,75.1087603070345,78.9376766733844,74.4405835178325,63.9283348207253,71.2126796128518,54.5397429081308,46.7313140040363,47.4676491852387,56.653812420342,26.6424050516579,73.6619856045655,73.2506593208691,69.1160613051039,63.2037925018438,54.9759147857159,63.8624516118974,59.6962824166032,75.0103823914924,71.2016492280395,69.0341186801478,60.5771127393369,55.5444604454618
Italy,ITA,NaN,NaN,NaN,NaN,NaN,NaN,NaN,NaN,NaN,NaN,NaN,NaN,NaN,NaN,NaN,NaN,NaN,NaN,NaN,NaN,NaN,NaN,NaN,NaN,NaN,NaN,NaN,NaN,NaN,0,0,0,0,41.2320222458316,45.88323572919,45.004242715109,45.4701826410331,46.9361323134375,48.9694899629913,52.6313918770888,55.705844226222,59.5362569195148,57.5925205733679,58.2257782220733,69.2292175611502,75.0952651890861,78.7653543511973,85.8403294485609,87.0540349236344,96.6948176474706,96.6068866645274,96.8020624992654,95.2607091410409,105.325700637706,107.184825663291,117.172619057604
Jamaica,JAM,NaN,NaN,NaN,NaN,NaN,NaN,NaN,NaN,NaN,NaN,NaN,NaN,NaN,NaN,NaN,NaN,NaN,NaN,NaN,NaN,NaN,NaN,NaN,NaN,NaN,NaN,NaN,NaN,NaN,NaN,NaN,NaN,65.670572986678,0,0,57.6063200015607,51.5948389292877,50.7905261890966,53.5157166960839,58.285834183507,56.3275880073774,53.2374336191041,62.6853957583072,72.3120009983023,50.686321861343,61.0043249549127,67.6085805258904,75.0093488630176,77.0222749309112,51.1795358792858,42.6307908992448,63.8977754504738,47.256820591687,30.4917855372434,25.2845539415344,33.0237728624941
Japan,JPN,NaN,NaN,NaN,NaN,NaN,NaN,NaN,NaN,NaN,NaN,NaN,NaN,NaN,NaN,NaN,NaN,NaN,NaN,NaN,NaN,NaN,NaN,NaN,NaN,NaN,NaN,NaN,NaN,NaN,NaN,NaN,NaN,NaN,2.38055617021155,2.57018953994187,2.70931008171579,3.55473102397614,3.36282497799672,3.21343648751699,3.14290784914224,5.42413104914602,4.17059089458727,4.37402405865954,4.83141118021417,5.8685810972404,6.77469594761079,8.09381728882139,7.98500761377285,7.58342257395962,8.11069379981719,7.58729879490489,7.00762018966623,8.74112308066563,9.8675280250552,11.1054599066055,10.747174257013
Jordan,JOR,NaN,NaN,NaN,NaN,NaN,NaN,NaN,NaN,NaN,NaN,NaN,NaN,NaN,NaN,NaN,NaN,NaN,NaN,NaN,NaN,NaN,NaN,NaN,NaN,NaN,NaN,NaN,0,0,0,0,0,0,82.9184757829389,147.004550255999,0,179.770416135469,113.119810631604,152.327144903732,141.422490750932,162.731647533112,161.63922578097,137.37894810031,176.765184329078,160.758364134825,154.51692949061,159.397944529394,159.507060005909,126.72374175174,122.264178049631,132.959619647441,142.9873175764,137.256431398928,125.461936271984,103.077735593709,78.7085466800677
Kazakhstan,KAZ,NaN,NaN,NaN,NaN,NaN,NaN,NaN,NaN,NaN,NaN,NaN,NaN,NaN,NaN,NaN,NaN,NaN,NaN,NaN,NaN,NaN,NaN,NaN,NaN,NaN,NaN,NaN,NaN,NaN,NaN,NaN,0,0,0,21.4368062126187,28.0906149063746,31.8627260328401,22.9402547022613,25.4242481450495,5.9244330252986,23.7248387338662,23.8733652146783,32.097339839786,26.4860585690168,18.6619561019116,23.8953407215454,34.4402911210547,42.0324002324286,23.1743568974731,29.1438201959647,19.1161908607675,34.8620922598661,25.6522772170038,27.5177795636787,24.5966908186982,34.0455877332204
Kenya,KEN,NaN,NaN,NaN,NaN,NaN,NaN,NaN,NaN,NaN,NaN,NaN,NaN,NaN,NaN,NaN,NaN,NaN,NaN,NaN,NaN,NaN,NaN,NaN,NaN,NaN,NaN,NaN,0,0,0,0,31.8472770238884,0,0,0,0,33.2051760423413,31.4669759799589,29.0328923619457,28.7339339508136,29.9181057356536,16.9794857057425,34.5548500529566,33.6830426079287,35.2244662951611,35.5342715967782,33.5229894927246,33.7923416424714,29.3278201035335,29.8814783728669,0,0,20.700844466958,0,0,0
Kiribati,KIR,NaN,NaN,NaN,NaN,NaN,NaN,NaN,NaN,NaN,NaN,NaN,NaN,NaN,NaN,NaN,NaN,NaN,NaN,NaN,NaN,NaN,NaN,NaN,NaN,NaN,NaN,NaN,0,0,0,0,0,0,0,38.8828371234295,26.9917331687046,26.0722252982785,31.7501808424618,48.363914437826,0,0,0,0,0,13.4350353278298,0,28.3537491735986,18.5805044758634,15.2229546408157,7.37382946321969,17.0183029162153,11.7235173683446,9.80779026622709,NaN,NaN,NaN
Kuwait,KWT,NaN,NaN,NaN,NaN,NaN,NaN,NaN,NaN,NaN,NaN,NaN,NaN,NaN,NaN,NaN,NaN,NaN,NaN,NaN,NaN,NaN,NaN,NaN,NaN,NaN,NaN,NaN,NaN,NaN,NaN,NaN,NaN,NaN,NaN,NaN,NaN,NaN,NaN,NaN,NaN,NaN,NaN,NaN,NaN,NaN,NaN,NaN,NaN,NaN,42.6024498611988,42.5714373886902,0,78.0389172007225,57.4537048443793,84.3781383504817,78.5076745367738
Kyrgyzstan,KGZ,NaN,NaN,NaN,NaN,NaN,NaN,NaN,NaN,NaN,NaN,NaN,NaN,NaN,NaN,NaN,NaN,NaN,NaN,NaN,NaN,NaN,NaN,NaN,NaN,NaN,NaN,NaN,NaN,NaN,0,0,0,0,0,17.6923130347095,20.7096983446826,0,0,0,11.5129523073237,9.31618177754389,9.768284280704,8.19789211452038,12.2606162212076,10.750899586908,11.6079035578742,15.2122482110356,14.9286632209659,17.9344084083016,22.8039150573987,21.2324485305591,19.8871979158234,21.7463538968686,0,15.3249329957428,16.768293843367
Lao Peoples Democratic Republic,LAO,NaN,NaN,NaN,NaN,NaN,NaN,NaN,NaN,NaN,NaN,NaN,NaN,NaN,NaN,NaN,NaN,NaN,NaN,NaN,NaN,NaN,NaN,NaN,NaN,NaN,NaN,NaN,NaN,0,0,0,0,0,0,0,0,0,0,0,0,0,0,0,0,0,0,0,0,0,29.0822736387409,13.4026188376823,13.7986573457399,21.0205158275594,19.4478799072815,25.559713936356,34.2700386259538
Latvia,LVA,NaN,NaN,NaN,NaN,NaN,NaN,NaN,NaN,NaN,NaN,NaN,NaN,NaN,NaN,NaN,NaN,NaN,NaN,NaN,NaN,NaN,NaN,NaN,NaN,NaN,NaN,NaN,NaN,NaN,NaN,NaN,NaN,NaN,NaN,42.0732009455772,55.0746203877384,70.8305483091623,65.625579215119,37.838144880802,29.7921054539822,46.8965530743019,53.0874653482225,54.7307158127966,66.3567794047519,98.2469806784942,110.118898117698,106.538946258656,143.655297454537,149.653936817839,164.620959877698,193.701052443094,271.812099002255,260.298561694197,240.732786596823,217.458724904776,227.630502997105
Lebanon,LBN,NaN,NaN,NaN,NaN,NaN,NaN,NaN,NaN,NaN,NaN,NaN,NaN,NaN,NaN,NaN,NaN,NaN,NaN,NaN,NaN,NaN,NaN,NaN,NaN,NaN,NaN,NaN,NaN,NaN,NaN,NaN,NaN,NaN,0,0,0,12.2197180042929,13.4761227102935,12.7518704847554,12.4495385576168,15.9343682526254,16.1397907700606,21.3336725920724,32.134223218859,38.574483270786,30.0738583364686,31.1457379908943,34.0722043086111,31.3842797611443,35.0602495425085,38.2629312463143,37.4680638989901,39.8547612316123,40.0110108414694,0,40.1403958057321
Lesotho,LSO,NaN,NaN,NaN,NaN,NaN,NaN,NaN,NaN,NaN,NaN,NaN,NaN,NaN,NaN,NaN,NaN,NaN,NaN,NaN,NaN,NaN,NaN,NaN,NaN,NaN,NaN,NaN,0,0,0,0,0,0,0,0,0,0,0,0,24.0116670778242,58.7260918849009,51.6593125680864,56.201385435038,50.1029355587936,0,0,0,34.4194298059618,54.805060804123,68.3421389843016,76.3354897079528,72.810630041747,0,0,0,0
Liberia,LBR,NaN,NaN,NaN,NaN,NaN,NaN,NaN,NaN,NaN,NaN,NaN,NaN,NaN,NaN,NaN,NaN,NaN,NaN,NaN,NaN,NaN,NaN,NaN,NaN,NaN,NaN,NaN,0,0,0,0,0,0,0,0,0,0,0,0,0,0,0,0,0,0,0,0,0,0,0,0,0,0,0,0,0
Libya,LBY,NaN,NaN,NaN,NaN,NaN,NaN,NaN,NaN,NaN,NaN,NaN,NaN,NaN,NaN,NaN,NaN,NaN,NaN,NaN,NaN,NaN,NaN,NaN,NaN,NaN,NaN,NaN,NaN,NaN,NaN,NaN,NaN,NaN,NaN,NaN,NaN,NaN,NaN,NaN,NaN,NaN,0,0,0,0,0,0.0410965093442829,0.0714737521773691,NaN,NaN,NaN,NaN,NaN,NaN,NaN,NaN
Liechtenstein,LIE,NaN,NaN,NaN,NaN,NaN,NaN,NaN,NaN,NaN,NaN,NaN,NaN,NaN,NaN,NaN,NaN,NaN,NaN,NaN,NaN,NaN,NaN,NaN,NaN,NaN,NaN,NaN,NaN,NaN,NaN,NaN,NaN,NaN,NaN,NaN,NaN,NaN,NaN,NaN,NaN,NaN,NaN,NaN,NaN,NaN,NaN,NaN,NaN,NaN,NaN,NaN,NaN,NaN,NaN,NaN,NaN
Lithuania,LTU,NaN,NaN,NaN,NaN,NaN,NaN,NaN,NaN,NaN,NaN,NaN,NaN,NaN,NaN,NaN,NaN,NaN,NaN,NaN,NaN,NaN,NaN,NaN,NaN,NaN,NaN,NaN,NaN,NaN,NaN,NaN,NaN,NaN,NaN,63.8103387451545,62.599187029725,64.8693746363209,60.5767853991318,54.0251228280808,69.3680552545807,95.0575849286939,86.2861438459539,100.36005010477,112.95979972442,134.934911972298,169.280264244811,210.949278578915,239.350879956666,337.904865177169,336.020893730939,304.935038076581,313.729478986737,372.594700675686,366.182513868114,343.70947632363,375.799792437312
Luxembourg,LUX,NaN,NaN,NaN,NaN,NaN,NaN,NaN,NaN,NaN,NaN,NaN,NaN,NaN,NaN,NaN,NaN,NaN,NaN,NaN,NaN,NaN,NaN,NaN,NaN,NaN,NaN,NaN,NaN,NaN,NaN,NaN,NaN,NaN,NaN,0,0,0,0,327.597926322936,397.91321146751,426.092896029466,354.449901101507,451.94606636925,406.786306765608,668.782182712878,615.689186447072,476.200913925738,661.832321800138,830.315883537661,874.0962502457,860.879788832072,602.164644353558,772.55012049477,900.271235856558,1022.7523469769,848.22040567549
Madagascar,MDG,NaN,NaN,NaN,NaN,NaN,NaN,NaN,NaN,NaN,NaN,NaN,NaN,NaN,NaN,NaN,NaN,NaN,NaN,NaN,NaN,NaN,NaN,NaN,NaN,NaN,NaN,NaN,0,0,27.0365229574266,27.0936078953252,23.2232054715822,19.7950917800064,39.4556986386051,32.2914029777602,18.0131339920878,15.5772717837053,10.00196204553,8.89653787364459,26.7943999039138,34.3108047655297,28.5860654386123,30.6366561807131,30.0060280953877,19.1137212115284,24.1417842345526,22.4967048654655,15.9372766939379,13.0456256115712,11.8198957880073,15.4302745798286,15.6774374665679,15.9571924715449,21.6533445921768,28.722986898545,41.8152571181289
Malawi,MWI,NaN,NaN,NaN,NaN,NaN,NaN,NaN,NaN,NaN,NaN,NaN,NaN,NaN,NaN,NaN,NaN,NaN,NaN,NaN,NaN,NaN,NaN,NaN,NaN,NaN,NaN,NaN,0,0,51.6887052548869,50.6399394722169,0,0,106.171845055578,101.844255398311,61.0581052935645,56.9082570968184,86.2572746787879,63.8418554816814,53.2676442861601,62.8144296518781,23.724429318552,37.3055852404817,29.7760997587935,32.7836329778722,44.6674652175267,61.0667857978369,47.3891548534337,54.9173126457377,39.6800246561668,47.0277840667166,52.5351583259832,58.6161270314132,52.0477811554886,47.7995063471853,0
Malaysia,MYS,NaN,NaN,NaN,NaN,NaN,NaN,NaN,NaN,NaN,NaN,NaN,NaN,NaN,NaN,NaN,NaN,NaN,NaN,NaN,NaN,NaN,NaN,NaN,NaN,NaN,NaN,NaN,0,50.3424859689395,52.1096950045453,52.9194457167276,50.8759849122104,49.6730378995323,58.7173588990141,62.7288688336299,59.2356554807218,63.9550950629675,79.1679701944079,82.0883256725113,71.7710395649388,76.0929930297952,81.2732645013412,91.7625571519455,82.2515510613085,78.3631147394066,75.0097514467274,86.9961859436079,103.538922044164,97.3325684648419,94.8780098762543,96.2090992850766,95.8332239639031,88.4122147562109,90.135571212189,90.3018435458217,89.5815770354796
Maldives,MDV,NaN,NaN,NaN,NaN,NaN,NaN,NaN,NaN,NaN,NaN,NaN,NaN,NaN,NaN,NaN,NaN,NaN,NaN,NaN,NaN,NaN,NaN,NaN,NaN,NaN,NaN,NaN,NaN,NaN,NaN,NaN,NaN,NaN,NaN,81.1585622415635,101.171317583872,110.937813731125,109.961387192913,71.8851590453423,74.8166065437506,78.8472897004806,100.284870466614,136.841002298618,131.747330425806,114.038561962802,128.594506718311,92.0463227883753,79.6266217992792,58.9094885612177,48.9278451700169,79.1923882210652,105.940407463634,91.8341445891186,72.1384780894408,61.4579505907926,55.4021920560101
Mali,MLI,NaN,NaN,NaN,NaN,NaN,NaN,NaN,NaN,NaN,NaN,NaN,NaN,NaN,NaN,NaN,NaN,NaN,NaN,NaN,NaN,NaN,NaN,NaN,NaN,NaN,NaN,NaN,0,0,0,0,0,0,0,0,7.68762698516041,1.58689766798975,1.21113943019117,0.614730208955873,0.782383354576072,6.31354835203922,3.60658716566611,3.72214306216443,4.33594426578405,3.26466090559736,4.44684098129613,4.0224544692875,4.23695224899643,0,3.01438817845439,2.84125618377339,3.23664460634853,0,0,0,5.14943057575697
Malta,MLT,NaN,NaN,NaN,NaN,NaN,NaN,NaN,NaN,NaN,NaN,NaN,NaN,NaN,NaN,NaN,NaN,NaN,NaN,NaN,NaN,NaN,NaN,NaN,NaN,NaN,NaN,NaN,0,0,0,0,0,0,32.7534777133852,34.198361509407,43.6018959077681,47.0359658741899,41.8117786510764,47.1031549482632,56.163074449181,59.5767015339375,90.1384331802119,82.370576946772,119.423558433139,121.688546961394,133.39241953487,170.577761435326,225.5090870982,86.4041813749133,153.819171569281,148.427872019802,221.201320620806,260.13096197676,239.738932011862,261.905529944629,239.349250490332
Marshall Islands,MHL,NaN,NaN,NaN,NaN,NaN,NaN,NaN,NaN,NaN,NaN,NaN,NaN,NaN,NaN,NaN,NaN,NaN,NaN,NaN,NaN,NaN,NaN,NaN,NaN,NaN,NaN,NaN,NaN,NaN,NaN,NaN,NaN,NaN,NaN,NaN,NaN,NaN,NaN,NaN,NaN,NaN,NaN,NaN,0,0,0,0,0,0,0,0,0,0,0,0,0
Martinique,MTQ,NaN,NaN,NaN,NaN,NaN,NaN,NaN,NaN,NaN,NaN,NaN,NaN,NaN,NaN,NaN,NaN,NaN,NaN,NaN,NaN,NaN,NaN,NaN,NaN,NaN,NaN,NaN,NaN,NaN,NaN,NaN,NaN,NaN,NaN,NaN,NaN,NaN,NaN,NaN,NaN,NaN,NaN,NaN,NaN,NaN,NaN,NaN,NaN,NaN,NaN,NaN,NaN,NaN,NaN,NaN,NaN
Mauritania,MRT,NaN,NaN,NaN,NaN,NaN,NaN,NaN,NaN,NaN,NaN,NaN,NaN,NaN,NaN,NaN,NaN,NaN,NaN,NaN,NaN,NaN,NaN,NaN,NaN,NaN,NaN,NaN,0,0,0,0,0,0,0,0,0,0,0,0,33.3297531531646,32.7270428353272,27.9040377763433,24.9795465289445,29.0085623041529,28.3939696974893,0,22.0810577614498,20.136418232013,26.7508685104909,29.9690681021521,48.9752273982771,65.7712837950349,45.0128774654342,57.2022303413158,0,55.317677097538
Mauritius,MUS,NaN,NaN,NaN,NaN,NaN,NaN,NaN,NaN,NaN,NaN,NaN,NaN,NaN,NaN,NaN,NaN,NaN,NaN,NaN,NaN,NaN,NaN,NaN,NaN,NaN,NaN,NaN,0,0,0,0,0,146.492305978978,128.732071307411,122.071361108203,134.810422804288,130.413122742096,134.547463325262,169.6944166224,100.649679339193,131.122860950416,179.130989155023,164.57637315213,152.867619724903,153.820200702367,189.556317201819,182.281178394627,169.286399896179,173.31119384671,160.409185238475,153.824457294503,162.573341913146,187.989011417204,168.150701884659,155.906392311487,152.032265628984
Mexico,MEX,NaN,NaN,NaN,NaN,NaN,NaN,NaN,NaN,NaN,NaN,NaN,NaN,NaN,NaN,NaN,NaN,NaN,NaN,NaN,NaN,NaN,NaN,NaN,NaN,NaN,NaN,NaN,0,0,16.5868377009198,16.0717841707895,15.1001625089479,15.3120790656833,18.0905246588914,39.3252503551014,31.441341741343,31.3501210392556,34.2434234749654,33.8925609897465,35.0883098707561,31.5066284839962,32.5207245413092,37.2795396342095,39.5942349656628,43.3161727338355,45.7524340610405,43.9762772743741,46.4219812605898,54.9282862604718,52.8848863953985,59.5703490132117,56.8074201237891,60.2845654025363,61.8911366534179,71.115313275014,80.0175849965703
Micronesia (Federated States of),FSM,NaN,NaN,NaN,NaN,NaN,NaN,NaN,NaN,NaN,NaN,NaN,NaN,NaN,NaN,NaN,NaN,NaN,NaN,NaN,NaN,NaN,NaN,NaN,NaN,NaN,NaN,NaN,NaN,NaN,NaN,NaN,NaN,NaN,NaN,0,0,0,0,0,0,0,19.0734890662502,26.4324805302504,21.0188466652744,22.9628050508379,15.5769879629445,24.7696477683963,30.5253580825946,25.9248938945277,30.7599393797216,44.7154797885421,49.1403010553435,33.0389245760679,0,0,0
Mongolia,MNG,NaN,NaN,NaN,NaN,NaN,NaN,NaN,NaN,NaN,NaN,NaN,NaN,NaN,NaN,NaN,NaN,NaN,NaN,NaN,NaN,NaN,NaN,NaN,NaN,NaN,NaN,NaN,0,0,0,0,0,0,0,0,3.47318965033372,5.52764136943779,6.04218054467526,7.30552919503037,7.86512594737651,9.45915061006627,12.1198571229742,8.12205918442935,6.2563088884367,4.48017410465192,6.1125581211425,4.86168458873343,0,0,0,0,0,2.8621287637201,3.09160127477676,4.48887264366378,7.36653330641636
Montenegro,MNE,NaN,NaN,NaN,NaN,NaN,NaN,NaN,NaN,NaN,NaN,NaN,NaN,NaN,NaN,NaN,NaN,NaN,NaN,NaN,NaN,NaN,NaN,NaN,NaN,NaN,NaN,NaN,NaN,NaN,NaN,NaN,NaN,NaN,NaN,NaN,NaN,NaN,NaN,NaN,0,0,0,0,0,0,20.668160472954,19.1352851237894,17.8519401951086,15.191288565559,15.8508047343264,15.3530707151568,23.9163388707962,20.8098216809412,32.6298977764229,18.4084217293728,17.3029320972199
Montserrat,MSR,NaN,NaN,NaN,NaN,NaN,NaN,NaN,NaN,NaN,NaN,NaN,NaN,NaN,NaN,NaN,NaN,NaN,NaN,NaN,NaN,NaN,NaN,NaN,NaN,NaN,NaN,NaN,NaN,NaN,NaN,NaN,NaN,NaN,NaN,NaN,NaN,NaN,NaN,NaN,NaN,NaN,NaN,NaN,NaN,NaN,NaN,NaN,NaN,NaN,NaN,NaN,NaN,NaN,NaN,NaN,NaN
Morocco,MAR,NaN,NaN,NaN,NaN,NaN,NaN,NaN,NaN,NaN,NaN,NaN,NaN,NaN,NaN,NaN,NaN,NaN,NaN,NaN,NaN,NaN,NaN,NaN,NaN,NaN,NaN,NaN,0,0,0,0,0,25.2189813846188,19.8016321830519,29.814977221772,20.617471098977,26.4822867425648,23.5511643166751,28.3302812678986,36.0145005002449,30.1848628470099,31.4494655402021,27.24583726184,25.4455862235208,33.9647091295785,27.3591218478808,33.9881931922009,33.1059248259855,27.8625092369874,29.0168347640157,29.180438236768,31.5883378093743,29.9572741033614,36.2035864350725,35.3292949243135,39.730034897683
Mozambique,MOZ,NaN,NaN,NaN,NaN,NaN,NaN,NaN,NaN,NaN,NaN,NaN,NaN,NaN,NaN,NaN,NaN,NaN,NaN,NaN,NaN,NaN,NaN,NaN,NaN,NaN,NaN,NaN,0,0,0,0,0,0,13.6673111635778,13.7930317281495,13.8743146915203,12.4265603155423,0,10.957054679276,15.5138129197068,17.492593925204,17.9519774739253,13.3757954022134,15.4998882000768,13.5503218715522,17.8832813023152,11.6331354979237,12.6530799317325,16.4074587738149,12.4718841783882,21.4133582987748,15.6112509198167,17.455283306057,18.4551051888902,18.8740736420828,20.9328215723043
Myanmar,MMR,NaN,NaN,NaN,NaN,NaN,NaN,NaN,NaN,NaN,NaN,NaN,NaN,NaN,NaN,NaN,NaN,NaN,NaN,NaN,NaN,NaN,NaN,NaN,NaN,NaN,NaN,NaN,NaN,NaN,NaN,NaN,NaN,NaN,NaN,NaN,NaN,NaN,NaN,NaN,0,0,0,0,0,0,0,0,0,0,8.24602609048165,12.2164634576337,16.706589692409,19.0149861291943,16.0032277444115,22.9591617540935,26.8604889168948
Namibia,NAM,NaN,NaN,NaN,NaN,NaN,NaN,NaN,NaN,NaN,NaN,NaN,NaN,NaN,NaN,NaN,NaN,NaN,NaN,NaN,NaN,NaN,NaN,NaN,NaN,NaN,NaN,NaN,0,0,0,0,0,0,0,0,0,0,0,0,90.5636591683637,143.770157297724,140.833845532935,123.467943196385,127.375109808805,111.963958515961,112.346287880917,128.034712261008,164.021464219272,191.075910349075,150.608529020924,141.500866152631,131.168127387533,168.907661887031,136.392980118316,149.880532808139,131.301601306387
Nauru,NRU,NaN,NaN,NaN,NaN,NaN,NaN,NaN,NaN,NaN,NaN,NaN,NaN,NaN,NaN,NaN,NaN,NaN,NaN,NaN,NaN,NaN,NaN,NaN,NaN,NaN,NaN,NaN,NaN,NaN,NaN,NaN,NaN,NaN,NaN,NaN,NaN,NaN,NaN,NaN,NaN,NaN,NaN,NaN,NaN,NaN,NaN,NaN,NaN,NaN,NaN,NaN,NaN,0,0,0,NaN
Nepal,NPL,NaN,NaN,NaN,NaN,NaN,NaN,NaN,NaN,NaN,NaN,NaN,NaN,NaN,NaN,NaN,NaN,NaN,NaN,NaN,NaN,NaN,NaN,NaN,NaN,NaN,NaN,NaN,0,0,0,0,0,0,1.7163354017894,0,0,0,1.964508926033,5.74808686057645,3.39582797056693,0,0,6.23031898264591,0,0,0,0,0,6.11009857734096,3.89314194743367,2.94986993922985,3.72658905645759,3.21320323071604,4.10178489220573,3.03054232430753,3.09881955880914
Netherlands,NLD,NaN,NaN,NaN,NaN,NaN,NaN,NaN,NaN,NaN,NaN,NaN,NaN,NaN,NaN,NaN,NaN,NaN,NaN,NaN,NaN,NaN,NaN,NaN,NaN,NaN,NaN,NaN,0,0,0,0,271.509179372314,296.794599049219,302.490484864917,298.762222021038,311.984736987696,284.661491105613,307.838308214201,343.195930062547,346.732324333382,350.43962848043,386.227018089094,394.162793459641,432.909840472765,430.978973412785,420.361813834027,477.302770023154,560.411313607245,583.131113840785,541.786306365005,730.098869727825,722.316577287055,695.069648330288,714.095574629862,709.922807696292,711.486765744781
New Caledonia,NCL,NaN,NaN,NaN,NaN,NaN,NaN,NaN,NaN,NaN,NaN,NaN,NaN,NaN,NaN,NaN,NaN,NaN,NaN,NaN,NaN,NaN,NaN,NaN,NaN,NaN,NaN,NaN,NaN,NaN,0,0,0,0,0,0,0,0,NaN,NaN,NaN,NaN,NaN,NaN,NaN,NaN,NaN,NaN,NaN,NaN,NaN,NaN,NaN,NaN,NaN,NaN,NaN
New Zealand,NZL,NaN,NaN,NaN,NaN,NaN,NaN,NaN,NaN,NaN,NaN,NaN,NaN,NaN,NaN,NaN,NaN,NaN,NaN,NaN,NaN,NaN,NaN,NaN,NaN,NaN,NaN,NaN,0,116.575114921809,128.270584007434,129.443442073192,140.903002530734,123.153883090293,127.700823889624,125.596383864834,125.063579518029,138.03739502587,147.672763312548,137.200839328205,128.320858343001,136.951234478678,148.955238217325,137.225185948282,154.132896808329,171.977747149157,163.047604491807,123.873743650114,162.153203017563,139.978615540827,131.924988770238,149.463119288251,161.590462229792,138.683384025596,197.224369493181,207.776529558275,NaN
Nicaragua,NIC,NaN,NaN,NaN,NaN,NaN,NaN,NaN,NaN,NaN,NaN,NaN,NaN,NaN,NaN,NaN,NaN,NaN,NaN,NaN,NaN,NaN,NaN,NaN,NaN,NaN,NaN,NaN,NaN,NaN,NaN,NaN,NaN,NaN,38.5267023329515,45.0657489198978,42.7879859448677,52.7006141896695,51.9518280720414,51.3737985820523,59.3446029029859,46.4617938665477,51.4040676673757,58.0821854267123,66.5703512098875,69.8539718084812,56.7593941692066,79.1534466582003,91.1961263081688,87.727979149443,96.9561971538447,93.4833703821224,120.73522467906,113.940408512804,119.821661915022,111.345960045381,103.8919394476
Niger,NER,NaN,NaN,NaN,NaN,NaN,NaN,NaN,NaN,NaN,NaN,NaN,NaN,NaN,NaN,NaN,NaN,NaN,NaN,NaN,NaN,NaN,NaN,NaN,NaN,NaN,NaN,NaN,0,0,0,0,0,0,0,4.67735874512423,9.38816264092832,6.85077851021408,6.81522183256656,8.30561580619853,14.8303934452213,12.5731936624538,8.67591838923384,7.43108686285523,28.1907216991486,17.3086595136296,10.2390416527293,9.46489626563011,19.0703356868705,8.90229929828898,3.80688228866893,5.02390507906152,7.62397904852914,3.8267000119527,4.00928599684692,4.2624535206626,11.6641491663764
Nigeria,NGA,NaN,NaN,NaN,NaN,NaN,NaN,NaN,NaN,NaN,NaN,NaN,NaN,NaN,NaN,NaN,NaN,NaN,NaN,NaN,NaN,NaN,NaN,NaN,NaN,NaN,NaN,NaN,0,0,0,0,0,0,0,0,2.00706357153357,0.15477156125173,0.244148799471017,0.422891156213813,0.328182389938615,0.024623340988246,0.611358656325961,0.0261963516002129,0,0,0.480448705836549,1.76853207380032,1.68869980491093,4.05157898601007,3.64805518466438,2.62023856047893,7.74745260091147,4.49030406343368,1.7485507441123,0,0.768166243179809
Niue,NIU,NaN,NaN,NaN,NaN,NaN,NaN,NaN,NaN,NaN,NaN,NaN,NaN,NaN,NaN,NaN,NaN,NaN,NaN,NaN,NaN,NaN,NaN,NaN,NaN,NaN,NaN,NaN,NaN,NaN,NaN,NaN,NaN,NaN,NaN,NaN,NaN,NaN,NaN,NaN,NaN,NaN,NaN,NaN,NaN,NaN,NaN,NaN,NaN,NaN,NaN,NaN,NaN,NaN,NaN,NaN,NaN
Norway,NOR,NaN,NaN,NaN,NaN,NaN,NaN,NaN,NaN,NaN,NaN,NaN,NaN,NaN,NaN,NaN,NaN,NaN,NaN,NaN,NaN,NaN,NaN,NaN,NaN,NaN,NaN,NaN,0,0,0,0,0,82.1390096667037,93.3551663674296,89.0295416720404,105.391060636468,114.669789244081,116.170216225214,124.287277941133,123.673874226412,134.622715810269,133.465863407469,136.961311235037,127.579054894446,126.509108505653,125.327849975643,139.153673026026,146.567385719062,152.420213481299,141.121466522005,152.023196126719,168.843999512112,163.576295129322,163.348054589578,168.102780628369,147.127925006072
Occupied Palestinian Territory,[],NaN,NaN,NaN,NaN,NaN,NaN,NaN,NaN,NaN,NaN,NaN,NaN,NaN,NaN,NaN,NaN,NaN,NaN,NaN,NaN,NaN,NaN,NaN,NaN,NaN,NaN,NaN,NaN,NaN,NaN,NaN,NaN,NaN,NaN,NaN,NaN,NaN,NaN,NaN,NaN,NaN,NaN,NaN,NaN,NaN,NaN,NaN,NaN,NaN,NaN,NaN,NaN,NaN,NaN,NaN,NaN
Oman,OMN,NaN,NaN,NaN,NaN,NaN,NaN,NaN,NaN,NaN,NaN,NaN,NaN,NaN,NaN,NaN,NaN,NaN,NaN,NaN,NaN,NaN,NaN,NaN,NaN,NaN,NaN,NaN,0,34.0570146027486,31.4691281914781,42.8578457060251,62.6833037159009,82.8479995349772,81.0022301850992,78.5236589281642,74.4263876157022,81.0712934592757,86.1831990846704,81.2999384403484,77.8358736735376,149.967376659952,149.134227924854,23.7223035176413,81.8739368143207,88.3649545429255,73.9190568113825,79.798536766207,124.47267244226,99.2906727907602,101.1447000661,111.493477279152,108.372196897591,111.774478868383,117.356855349312,135.016240040408,106.289373936137
Pacific Islands Trust Territory,[],NaN,NaN,NaN,NaN,NaN,NaN,NaN,NaN,NaN,NaN,NaN,NaN,NaN,NaN,NaN,NaN,NaN,NaN,NaN,NaN,NaN,NaN,NaN,NaN,NaN,NaN,NaN,NaN,NaN,NaN,NaN,NaN,NaN,NaN,NaN,NaN,NaN,NaN,NaN,NaN,NaN,NaN,NaN,NaN,NaN,NaN,NaN,NaN,NaN,NaN,NaN,NaN,NaN,NaN,NaN,NaN
Pakistan,PAK,NaN,NaN,NaN,NaN,NaN,NaN,NaN,NaN,NaN,NaN,NaN,NaN,NaN,NaN,NaN,NaN,NaN,NaN,NaN,NaN,NaN,NaN,NaN,NaN,NaN,NaN,NaN,0,0,0,0,0,0,0,0,0,0,0,0,0,0,0,7.47749862634901,6.62298220123685,9.19868503921318,7.25268950637088,7.01838080131782,10.2637929070354,8.02766269866471,9.166566933018,9.89076084860457,8.67365734646705,10.0968798594957,8.96367089088792,7.41501112051049,6.36748378955361
Panama,PAN,NaN,NaN,NaN,NaN,NaN,NaN,NaN,NaN,NaN,NaN,NaN,NaN,NaN,NaN,NaN,NaN,NaN,NaN,NaN,NaN,NaN,NaN,NaN,NaN,NaN,NaN,NaN,0,0,0,0,0,0,0,69.6451060941622,64.5464769175709,73.7611372026628,72.0958543704812,70.4765401311274,73.3087918694028,74.8971690651001,69.8869060360102,73.5976279007172,77.9337753788623,83.8474403432047,81.7567802767438,90.5552990080992,83.8452695525881,64.045747780474,44.3154168867364,71.9161824966377,37.2839710677279,43.5220717806256,44.7212216381457,34.2912126094423,67.4788946642289
Papua New Guinea,PNG,NaN,NaN,NaN,NaN,NaN,NaN,NaN,NaN,NaN,NaN,NaN,NaN,NaN,NaN,NaN,NaN,NaN,NaN,NaN,NaN,NaN,NaN,NaN,NaN,NaN,NaN,NaN,0,0,0,0,0,0,0,0,0,0,62.4973360257126,0,30.8938948471313,19.0102462225359,28.4481075728148,32.2454561306178,30.3276500786371,NaN,0,0,0,0,0,45.6775324989292,29.8386530315028,0,0,NaN,NaN
Paraguay,PRY,NaN,NaN,NaN,NaN,NaN,NaN,NaN,NaN,NaN,NaN,NaN,NaN,NaN,NaN,NaN,NaN,NaN,NaN,NaN,NaN,NaN,NaN,NaN,NaN,NaN,NaN,NaN,NaN,NaN,NaN,27.0034468944015,28.9747418248883,32.9918098005254,30.4673771818467,24.3278048781866,33.6266711984214,50.5768723460158,53.6194510608457,40.8431548177074,47.276557740314,65.6225625878822,81.7118484253039,92.5801375409912,78.5875081246442,80.6138017994733,75.7776228466496,85.5981821094285,97.9667645082523,98.408007426114,96.183500762796,94.0762203365598,104.510698915015,110.552937343028,111.844706299014,111.079559386537,108.807782308569
Peru,PER,NaN,NaN,NaN,NaN,NaN,NaN,NaN,NaN,NaN,NaN,NaN,NaN,NaN,NaN,NaN,NaN,NaN,NaN,NaN,NaN,NaN,NaN,NaN,NaN,NaN,NaN,NaN,NaN,NaN,NaN,0,28.8793132565962,0,38.2324666018337,37.3702450479647,36.3597120613872,46.5869269095636,27.0955604814092,35.4910376145845,29.5104331249319,43.0568718985534,44.1945528369983,43.2589483373841,53.905552874554,56.7754079809846,60.6739044614571,57.3519219355775,58.2075744433429,52.4059144368815,56.8272078811598,62.9598237283221,58.3833593431695,52.4719158304328,58.5981015869177,56.1744054134014,58.0200770627836
Philippines,PHL,NaN,NaN,NaN,NaN,NaN,NaN,NaN,NaN,NaN,NaN,NaN,NaN,NaN,NaN,NaN,NaN,NaN,NaN,NaN,NaN,NaN,NaN,NaN,NaN,NaN,NaN,NaN,0,0,0,0,0,0,0,0,12.7882179276698,14.311691948313,20.0405596294061,13.56895138997,16.7582443369205,18.5222704997999,18.174135611824,21.4893947491738,19.7065352426015,19.5747296851559,19.0316478539998,16.8024886882934,16.6957097526229,13.9665054751884,16.1292151696201,18.2149123267264,16.4850535073488,20.1819763459645,21.7989955229998,16.0118478174691,16.8535571137774
Poland,POL,NaN,NaN,NaN,NaN,NaN,NaN,NaN,NaN,NaN,NaN,NaN,NaN,NaN,NaN,NaN,NaN,NaN,NaN,NaN,NaN,NaN,NaN,NaN,NaN,NaN,NaN,NaN,NaN,NaN,NaN,NaN,NaN,NaN,NaN,31.7511878033105,33.5907271850985,46.4130237678317,46.5265591000357,47.2773614856521,48.2766849599045,48.0030564141767,59.7426813512196,78.7462959406563,77.8061674084032,100.637556895393,114.764807909783,105.284496389876,124.315829218702,142.622131007786,142.381975512581,139.402507138661,165.910034103728,178.635749314163,196.571595882307,243.663181600247,227.805100317954
Portugal,PRT,NaN,NaN,NaN,NaN,NaN,NaN,NaN,NaN,NaN,NaN,NaN,NaN,NaN,NaN,NaN,NaN,NaN,NaN,NaN,NaN,NaN,NaN,NaN,NaN,NaN,NaN,NaN,NaN,NaN,NaN,NaN,NaN,NaN,NaN,30.8198286224418,31.4328806623411,39.2641145084886,40.2742391841472,41.560462180862,46.5487663528257,48.7738691539999,55.4920437113468,56.6223280087895,59.4450815663655,73.3570560530813,83.0948589799483,104.147918228885,119.46661957511,117.91892830862,126.380720375923,153.185383228321,162.186924376255,157.749523327362,171.194793718796,172.641023345542,181.368778336318
Puerto Rico,PRI,NaN,NaN,NaN,NaN,NaN,NaN,NaN,NaN,NaN,NaN,NaN,NaN,NaN,NaN,NaN,NaN,NaN,NaN,NaN,NaN,NaN,NaN,NaN,NaN,NaN,NaN,NaN,0,0,0,0,0,0,0,0,0,0,0,0,0,0,0,0,0,0,0,0,0,0,0,0,0,0,0,0,0
Qatar,QAT,NaN,NaN,NaN,NaN,NaN,NaN,NaN,NaN,NaN,NaN,NaN,NaN,NaN,NaN,NaN,NaN,NaN,NaN,NaN,NaN,NaN,NaN,NaN,NaN,NaN,NaN,NaN,NaN,NaN,NaN,NaN,NaN,NaN,NaN,NaN,NaN,NaN,NaN,NaN,6.67940453998007,8.48512209173817,15.9560807462914,16.3708293847508,23.6695436786856,32.1932453229629,14.0879082313569,15.194982599915,0.266558788093867,30.1089043487728,2.32967281413618,2.36175492958023,26.1313617039879,4.37701481598318,3.4288411039931,62.6271503260391,5.95142385604513
Republic of Korea,KOR,NaN,NaN,NaN,NaN,NaN,NaN,NaN,NaN,NaN,NaN,NaN,NaN,NaN,NaN,NaN,NaN,NaN,NaN,NaN,NaN,NaN,NaN,NaN,NaN,NaN,NaN,NaN,15.4155330427001,12.8401544712562,11.7702477957464,11.6854503711765,10.9661799172317,10.7201655144078,10.5643963772453,10.7065340644882,10.9064324802896,12.5637955322277,18.0750392630722,14.7725210265731,13.1134355170261,13.983914959292,13.3048623680643,13.5571568451309,13.3891815998291,13.0106487724536,12.1120628640821,13.3957392136507,18.7568911887921,21.1039361818763,22.3098733211515,24.7527238109065,25.8299976651902,25.0260042846982,24.0697078596081,24.3623452223759,27.6469508482556
Republic of Moldova,MDA,NaN,NaN,NaN,NaN,NaN,NaN,NaN,NaN,NaN,NaN,NaN,NaN,NaN,NaN,NaN,NaN,NaN,NaN,NaN,NaN,NaN,NaN,NaN,NaN,NaN,NaN,NaN,NaN,NaN,NaN,NaN,NaN,NaN,NaN,104.761545759244,109.362970949567,76.107472429143,104.059239751833,101.353382080186,88.2630146764407,105.269045593117,114.621231221328,127.097044657199,112.206931583237,116.30477722768,90.9294312146124,111.248931185148,109.330496523059,125.670198447144,96.523767251771,99.111970143927,99.3998313335115,95.1146720548304,94.5142877492083,103.592689700509,108.843834465874
Romania,ROU,NaN,NaN,NaN,NaN,NaN,NaN,NaN,NaN,NaN,NaN,NaN,NaN,NaN,NaN,NaN,NaN,NaN,NaN,NaN,NaN,NaN,NaN,NaN,NaN,NaN,NaN,NaN,NaN,NaN,0.834424371851056,4.75392893982287,6.06172154379921,5.94122504403793,6.65210475432942,7.82307215616945,10.911377804963,9.57460639461221,7.28264034277114,10.642219043662,8.38239594294197,8.17051526055071,8.387012711993,8.28000939091679,7.6852376949681,9.97038880208635,11.2507668740266,15.8856079338785,23.0021054153799,28.6968662883323,44.610801983255,46.1563004454805,62.7614128176073,65.6811149048841,76.1594111954721,85.5454012510119,85.9050233899511
Russian Federation,RUS,NaN,NaN,NaN,NaN,NaN,NaN,NaN,NaN,NaN,NaN,NaN,NaN,NaN,NaN,NaN,NaN,NaN,NaN,NaN,NaN,NaN,NaN,NaN,NaN,NaN,NaN,NaN,NaN,0,0,0,0,0,0,0,6.58041394987581,5.92367500849189,8.58624871620685,5.9336132659683,8.71276595914554,8.10300936452345,11.3243854543898,11.3594156017237,8.55128348272481,11.9371908103413,12.6874480021436,16.8137433367387,13.4616729952427,18.5902766758632,14.8403842816113,16.3346683381824,23.6742231809154,22.3742877256471,26.0311422987632,28.6678789816061,31.7401439189528
Rwanda,RWA,NaN,NaN,NaN,NaN,NaN,NaN,NaN,NaN,NaN,NaN,NaN,NaN,NaN,NaN,NaN,NaN,NaN,NaN,NaN,NaN,NaN,NaN,NaN,NaN,NaN,NaN,NaN,0,0,0,0,0,0,0,0,0.940412067197042,3.85992576540938,3.09956838751061,6.67892926050735,0,5.23610809055706,0.028132779291143,3.7584282474123,6.58495442701031,6.26619200094045,6.95445404207904,6.0060280085998,15.9282078302889,7.30522855286597,6.54114499519701,8.59433102113543,10.2742914374606,8.22499018946975,7.35981854327029,7.99043724791156,7.5439675735098
R?union,REU,NaN,NaN,NaN,NaN,NaN,NaN,NaN,NaN,NaN,NaN,NaN,NaN,NaN,NaN,NaN,NaN,NaN,NaN,NaN,NaN,NaN,NaN,NaN,NaN,NaN,NaN,NaN,NaN,NaN,NaN,NaN,NaN,NaN,NaN,NaN,NaN,NaN,NaN,NaN,NaN,NaN,NaN,NaN,NaN,NaN,NaN,NaN,NaN,NaN,NaN,NaN,NaN,NaN,NaN,NaN,NaN
Saint Helena,SHN,NaN,NaN,NaN,NaN,NaN,NaN,NaN,NaN,NaN,NaN,NaN,NaN,NaN,NaN,NaN,NaN,NaN,NaN,NaN,NaN,NaN,NaN,NaN,NaN,NaN,NaN,NaN,NaN,NaN,NaN,NaN,NaN,NaN,NaN,NaN,NaN,NaN,NaN,NaN,NaN,NaN,NaN,NaN,NaN,NaN,NaN,NaN,NaN,NaN,NaN,NaN,NaN,NaN,NaN,NaN,NaN
Saint Kitts and Nevis,KNA,NaN,NaN,NaN,NaN,NaN,NaN,NaN,NaN,NaN,NaN,NaN,NaN,NaN,NaN,NaN,NaN,NaN,NaN,NaN,NaN,NaN,NaN,NaN,NaN,NaN,NaN,NaN,0,0,0,0,0,148.494667499467,139.799225792279,112.048106441415,142.109311945967,205.45215950469,0,105.162011260382,120.091625820297,96.0597535531371,122.345408496704,100.727103004187,119.349108278703,14.7963937856438,35.115406574387,40.3345021467223,45.3082918874075,40.5248667159796,34.0749558511658,38.4808178250934,44.0962276521219,39.7784341122125,48.8869340959143,50.5999714205231,43.1020531205642
Saint Lucia,LCA,NaN,NaN,NaN,NaN,NaN,NaN,NaN,NaN,NaN,NaN,NaN,NaN,NaN,NaN,NaN,NaN,NaN,NaN,NaN,NaN,NaN,NaN,NaN,NaN,NaN,NaN,NaN,0,0,0,0,150.48821903567,153.626683927651,143.873642539477,152.437671565588,146.554958919385,126.409269767109,91.711964309395,106.648409065688,78.0773769912521,101.614225598166,90.95163359584,89.0100956025146,97.6708662278346,103.966847305672,105.655068184294,107.057420548698,93.8593633767688,103.212825474426,114.428212146977,95.2056364964486,58.4806127824699,134.201308702001,110.420474179299,128.084505990205,134.587021952935
Saint Pierre and Miquelon,SPM,NaN,NaN,NaN,NaN,NaN,NaN,NaN,NaN,NaN,NaN,NaN,NaN,NaN,NaN,NaN,NaN,NaN,NaN,NaN,NaN,NaN,NaN,NaN,NaN,NaN,NaN,NaN,NaN,NaN,NaN,NaN,NaN,NaN,NaN,NaN,NaN,NaN,NaN,NaN,NaN,NaN,NaN,NaN,NaN,NaN,NaN,NaN,NaN,NaN,NaN,NaN,NaN,NaN,NaN,NaN,NaN
Saint Vincent and the Grenadines,VCT,NaN,NaN,NaN,NaN,NaN,NaN,NaN,NaN,NaN,NaN,NaN,NaN,NaN,NaN,NaN,NaN,NaN,NaN,NaN,NaN,NaN,NaN,NaN,NaN,NaN,NaN,NaN,0,0,0,0,0,174.026392247081,184.974968035241,166.151661096465,149.15980075339,166.495743460189,160.241218281313,148.86189120303,130.340976597406,129.030678717884,112.105072980885,76.7249126914866,108.943668299269,98.7646969263905,91.1576154785614,85.5410471907481,82.0962700855057,80.9862844806542,69.0898100503378,63.2378096221931,75.1706290594915,75.3167499294119,73.766595796528,79.9645211772143,64.5406662898235
Samoa,WSM,NaN,NaN,NaN,NaN,NaN,NaN,NaN,NaN,NaN,NaN,NaN,NaN,NaN,NaN,NaN,NaN,NaN,NaN,NaN,NaN,NaN,NaN,NaN,NaN,NaN,NaN,NaN,NaN,NaN,NaN,NaN,NaN,NaN,0,0,0,0,0,0,0,51.437281977136,44.8293504828515,37.2164179273882,35.6918381890065,32.861287845007,24.2830725505522,21.3376845335188,14.1882291483289,15.5560555788789,18.6808285003047,24.3968747055169,23.7864302709932,19.3415661462931,15.2372420043082,33.4063334536357,35.5328651436248
Sao Tome and Principe,STP,NaN,NaN,NaN,NaN,NaN,NaN,NaN,NaN,NaN,NaN,NaN,NaN,NaN,NaN,NaN,NaN,NaN,NaN,NaN,NaN,NaN,NaN,NaN,NaN,NaN,NaN,NaN,NaN,NaN,NaN,NaN,NaN,NaN,NaN,NaN,NaN,NaN,NaN,NaN,NaN,33.3963769778981,53.2168396005752,59.6636499878176,29.7330298807592,27.3574223556247,29.4230672994159,26.685766426129,29.4151732794749,31.5149041755587,27.2856344665331,21.2874834990905,18.1763961428882,16.2405144808949,25.6633640670822,22.6297983282131,22.028361618207
Saudi Arabia,SAU,NaN,NaN,NaN,NaN,NaN,NaN,NaN,NaN,NaN,NaN,NaN,NaN,NaN,NaN,NaN,NaN,NaN,NaN,NaN,NaN,NaN,NaN,NaN,NaN,NaN,NaN,NaN,0,0,0,3.4642624735763,7.90008211413673,5.47783231900357,3.73684675039207,5.02719639010126,4.16712769008402,0,4.91284461519603,5.15162413928091,4.46586323564485,3.94548099918052,4.70590679069262,7.92966203227265,9.15410313565923,10.5125313818427,12.0344132811579,16.7189214156927,19.1743860887729,21.630083240885,20.7556955852533,22.7224716803104,22.0840770724874,20.6170764409386,20.9654463835909,20.7608425628116,21.0443298194976
Senegal,SEN,NaN,NaN,NaN,NaN,NaN,NaN,NaN,NaN,NaN,NaN,NaN,NaN,NaN,NaN,NaN,NaN,NaN,NaN,NaN,NaN,NaN,NaN,NaN,NaN,NaN,NaN,NaN,0,0,0,0,0,0,0,0,4.77233396554216,3.1547425878127,9.86223737480702,7.86368838396786,46.3786127432561,45.7755338815168,15.8619659662267,41.7318159908453,42.206884469138,33.6936663045124,24.6314077821613,42.9748278415074,23.7707754994858,27.970389246337,28.458743760006,42.7403649503598,35.1793930872211,44.9244925906861,46.751669872426,40.9071026806928,38.3969245121367
Serbia,SRB,NaN,NaN,NaN,NaN,NaN,NaN,NaN,NaN,NaN,NaN,NaN,NaN,NaN,NaN,NaN,NaN,NaN,NaN,NaN,NaN,NaN,NaN,NaN,NaN,NaN,NaN,NaN,NaN,NaN,NaN,NaN,NaN,NaN,NaN,0,0,0,0,0,0,0,0,0,0,0,0,0,0,0,0,0,0,0,0,0,0
Serbia and Montenegro,[],NaN,NaN,NaN,NaN,NaN,NaN,NaN,NaN,NaN,NaN,NaN,NaN,NaN,NaN,NaN,NaN,NaN,NaN,NaN,NaN,NaN,NaN,NaN,NaN,NaN,NaN,NaN,NaN,NaN,NaN,NaN,NaN,NaN,NaN,NaN,NaN,NaN,NaN,NaN,NaN,NaN,NaN,NaN,NaN,NaN,NaN,NaN,NaN,NaN,NaN,NaN,NaN,NaN,NaN,NaN,NaN
Seychelles,SYC,NaN,NaN,NaN,NaN,NaN,NaN,NaN,NaN,NaN,NaN,NaN,NaN,NaN,NaN,NaN,NaN,NaN,NaN,NaN,NaN,NaN,NaN,NaN,NaN,NaN,NaN,NaN,0,0,0,0,0,0,116.848106986787,111.067432554967,208.374048426234,353.968361090459,562.548487694352,562.966455144011,705.785188622568,858.611372618957,855.305954455964,1129.49476742119,629.020389371912,643.081398463165,660.731105761045,686.379518589907,572.414263657363,0,1035.29519373238,1208.88640877399,1946.21576382037,1182.76285378469,1082.13913331448,932.725631820558,1074.17287947369
Sierra Leone,SLE,NaN,NaN,NaN,NaN,NaN,NaN,NaN,NaN,NaN,NaN,NaN,NaN,NaN,NaN,NaN,NaN,NaN,NaN,NaN,NaN,NaN,NaN,NaN,NaN,NaN,NaN,NaN,0,0,0,0,0,0,0,0,0,0,0,0,0.660705796286809,0,6.55826354360657,0,0,0,0,0,0,0,0,0,0,0,0.434787903181475,2.86825525019338,21.2635453755991
Singapore,SGP,NaN,NaN,NaN,NaN,NaN,NaN,NaN,NaN,NaN,NaN,NaN,NaN,NaN,NaN,NaN,NaN,NaN,NaN,NaN,NaN,NaN,NaN,NaN,NaN,NaN,NaN,NaN,0,2560.72712615823,2520.18751739325,3062.6983407981,3620.05797617446,3696.10087059093,3571.23302642352,3843.45104269191,3281.10853942919,3447.43765051192,4051.74984756835,3486.32239367848,3626.55148571991,3915.16864316348,4517.66797042962,4698.37787677574,5850.53046794629,5038.02412897206,5569.43829428344,6373.74968300123,7524.63972413059,6951.85452837243,8170.20950345477,9520.77492305304,9421.45593950616,9612.05327725994,9925.2825732717,10931.2171814396,10735.6188510881
Slovakia,SVK,NaN,NaN,NaN,NaN,NaN,NaN,NaN,NaN,NaN,NaN,NaN,NaN,NaN,NaN,NaN,NaN,NaN,NaN,NaN,NaN,NaN,NaN,NaN,NaN,NaN,NaN,NaN,NaN,NaN,NaN,NaN,NaN,NaN,NaN,41.0332219352357,30.5931949348729,35.4168291382608,32.9219432576969,33.8228822808738,34.4489212994464,33.8014016302913,33.6756864633106,37.3022882522414,51.3118230704505,74.251356319283,78.7359310929206,76.6114634493339,72.6526154536963,100.55731175228,125.387874361132,131.7512907611,152.946863791878,119.816575615649,89.0734164249686,104.697708980542,104.920169150273
Slovenia,SVN,NaN,NaN,NaN,NaN,NaN,NaN,NaN,NaN,NaN,NaN,NaN,NaN,NaN,NaN,NaN,NaN,NaN,NaN,NaN,NaN,NaN,NaN,NaN,NaN,NaN,NaN,NaN,NaN,NaN,NaN,NaN,NaN,NaN,NaN,42.1330177803341,47.5008355641251,45.5622762635194,47.3048243283085,52.2443627359385,55.7137256906546,63.418993543093,58.6084884478217,72.9547528062491,56.3663850865318,62.1486629946937,82.5375692320769,97.9170830418039,124.150360243021,117.572934892512,124.250189485108,119.53659417542,127.921087219741,136.413978335202,128.062142489117,134.92527313511,149.944492936186
Solomon Islands,SLB,NaN,NaN,NaN,NaN,NaN,NaN,NaN,NaN,NaN,NaN,NaN,NaN,NaN,NaN,NaN,NaN,NaN,NaN,NaN,NaN,NaN,NaN,NaN,NaN,NaN,NaN,NaN,NaN,NaN,0,0,0,0,0,0,0,0,0,0,0,0,4.91639607478662,7.38321072123098,7.78509334432312,8.46979325860683,14.8737687021288,NaN,NaN,NaN,NaN,NaN,NaN,NaN,NaN,NaN,NaN
Somalia,SOM,NaN,NaN,NaN,NaN,NaN,NaN,NaN,NaN,NaN,NaN,NaN,NaN,NaN,NaN,NaN,NaN,NaN,NaN,NaN,NaN,NaN,NaN,NaN,NaN,NaN,NaN,NaN,NaN,NaN,NaN,NaN,NaN,NaN,NaN,NaN,NaN,NaN,NaN,NaN,NaN,NaN,NaN,NaN,NaN,NaN,NaN,NaN,NaN,NaN,NaN,NaN,NaN,NaN,NaN,NaN,NaN
South Africa,ZAF,NaN,NaN,NaN,NaN,NaN,NaN,NaN,NaN,NaN,NaN,NaN,NaN,NaN,NaN,NaN,NaN,NaN,NaN,NaN,NaN,NaN,NaN,NaN,NaN,NaN,NaN,NaN,0,0,0,0,37.7084797634097,32.1265435880453,39.5392140184519,43.4010807933549,48.6102359541234,46.1478014181551,52.3893521458269,56.044769489465,57.8474089609202,63.5936706167853,66.585249146372,61.7770634093408,58.2156201466759,68.9160959348729,62.3446224558726,58.8038438313922,72.451942354654,71.1812013931234,95.7795672832057,98.6695690945918,107.701817758318,125.477978690312,129.033460361952,134.927169378318,137.153174109726
Spain,ESP,NaN,NaN,NaN,NaN,NaN,NaN,NaN,NaN,NaN,NaN,NaN,NaN,NaN,NaN,NaN,NaN,NaN,NaN,NaN,NaN,NaN,NaN,NaN,NaN,NaN,NaN,NaN,NaN,NaN,NaN,NaN,NaN,NaN,NaN,59.680350334679,57.3929479766237,68.3257278224158,66.8331220495589,69.2859566774711,70.8571116022578,76.0824325677926,79.7010925353359,78.4762115053623,82.6347115302656,88.9176172363464,100.101230813171,97.6255670523985,109.109776061866,112.609997122772,114.276682833251,128.59926505251,145.776422941802,142.687070527439,151.835173828317,153.062988548517,157.794325323014
Sri Lanka,LKA,NaN,NaN,NaN,NaN,NaN,NaN,NaN,NaN,NaN,NaN,NaN,NaN,NaN,NaN,NaN,NaN,NaN,NaN,NaN,NaN,NaN,NaN,NaN,NaN,NaN,NaN,NaN,0,0,30.8580521750287,24.6674632542246,22.3428093627678,24.9111649715365,24.7890894760211,0,0,0,0,29.6349835519564,32.9843465903691,31.6611509149709,42.2325711147137,41.7827093402883,44.2621977293717,48.1840034983665,47.9555376794361,49.3340400422044,38.7208107333308,35.8211906926474,46.9973649105561,45.3627817048504,48.0621011265343,47.253827102061,46.5632832665137,40.3222277858279,42.6353429144877
Sudan (former),SDN,NaN,NaN,NaN,NaN,NaN,NaN,NaN,NaN,NaN,NaN,NaN,NaN,NaN,NaN,NaN,NaN,NaN,NaN,NaN,NaN,NaN,NaN,NaN,NaN,NaN,NaN,NaN,0,0,0,0,0,0,0,9.19566453973206,4.55529949249995,6.22354582436093,7.06800520979097,3.5983408217562,5.87383894240109,3.82640567383458,5.1863646186691,4.60704254970593,5.92739691324816,4.95267822758571,3.47611153092715,0,2.78842297907299,3.93937764678185,3.105200768085,3.87862287228991,3.46599981366248,0,0,5.51293955055523,0
Suriname,SUR,NaN,NaN,NaN,NaN,NaN,NaN,NaN,NaN,NaN,NaN,NaN,NaN,NaN,NaN,NaN,NaN,NaN,NaN,NaN,NaN,NaN,NaN,NaN,NaN,NaN,NaN,NaN,0,0,0,0,0,0,96.4826075747366,92.3866949227656,74.9726741914443,0,0,71.0652187315013,15.6673090243738,18.4176211859889,27.5637306355985,19.6435781449344,21.2085418558708,16.5550031179829,6.06332842129187,6.78964474302902,12.4279047770663,7.92889860386213,11.7750503424415,11.5500172180595,20.2519221101471,11.5898727252494,12.7843480218199,0,18.4128764827703
Swaziland,SWZ,NaN,NaN,NaN,NaN,NaN,NaN,NaN,NaN,NaN,NaN,NaN,NaN,NaN,NaN,NaN,NaN,NaN,NaN,NaN,NaN,NaN,NaN,NaN,NaN,NaN,NaN,NaN,0,0,0,0,0,0,0,0,0,0,0,0,141.638293829902,155.421967738,86.9034104953363,91.0932137151282,109.323867981156,71.7923966339837,102.380481792677,63.6403584120124,0,0,0,0,0,0,0,0,0
Sweden,SWE,NaN,NaN,NaN,NaN,NaN,NaN,NaN,NaN,NaN,NaN,NaN,NaN,NaN,NaN,NaN,NaN,NaN,NaN,NaN,NaN,NaN,NaN,NaN,NaN,NaN,NaN,NaN,0,0,0,0,16.6515978184252,20.7691353524959,25.7501523026607,27.2846395521873,33.7795765293505,41.3483639827906,41.9072209497042,39.8447445471687,49.2816797205629,58.5098662290228,63.5281151094877,63.9933561442529,67.7030208777819,116.337074616001,104.422353780571,90.6555951246908,102.914487525727,118.4666011114,108.92862319286,104.495243476033,121.6411136782,139.135309569144,149.624375547756,150.732685485388,165.187081072317
Switzerland,CHE,NaN,NaN,NaN,NaN,NaN,NaN,NaN,NaN,NaN,NaN,NaN,NaN,NaN,NaN,NaN,NaN,NaN,NaN,NaN,NaN,NaN,NaN,NaN,NaN,NaN,NaN,NaN,NaN,NaN,31.7369322779859,35.3209111452064,39.6717477844147,43.4538177307662,48.1376063395111,50.2610220161853,55.8954067241416,59.4434100075135,58.7221721602339,65.6050175492679,66.847352658117,76.9897647347627,78.3694964917644,85.7135269814019,85.3315567205769,100.544470408991,119.317853759904,139.981527093108,150.945647072601,168.900499395861,182.244197048339,179.807530561583,195.277527495259,194.883889027916,188.284677691868,201.418877738988,204.741943056595
Syrian Arab Republic,SYR,NaN,NaN,NaN,NaN,NaN,NaN,NaN,NaN,NaN,NaN,NaN,NaN,NaN,NaN,NaN,NaN,NaN,NaN,NaN,NaN,NaN,NaN,NaN,NaN,NaN,NaN,NaN,0,0,0,0,0,0,0,0,0,0,0,0,0,25.4185540478283,65.5294013511319,63.1258133818041,59.7231050523014,14.8853287685798,27.5316317725285,30.8479045762119,NaN,NaN,NaN,NaN,NaN,NaN,NaN,NaN,NaN
Tajikistan,TJK,NaN,NaN,NaN,NaN,NaN,NaN,NaN,NaN,NaN,NaN,NaN,NaN,NaN,NaN,NaN,NaN,NaN,NaN,NaN,NaN,NaN,NaN,NaN,NaN,NaN,NaN,NaN,NaN,NaN,0,0,0,0,0,0,0,0,0,0,13.7223587451754,0,0,0,0,0,0,0,0,0,0,0,0,0,0,0,0
Thailand,THA,NaN,NaN,NaN,NaN,NaN,NaN,NaN,NaN,NaN,NaN,NaN,NaN,NaN,NaN,NaN,NaN,NaN,NaN,NaN,NaN,NaN,NaN,NaN,NaN,NaN,NaN,NaN,0,63.8840372579559,63.5441516132965,63.3196371730227,63.4408772617549,80.1681359556761,77.0457882903224,72.5295788484416,68.0450533062692,80.6877446868199,85.0576270076669,90.6696215635408,94.926318687087,99.7152841358615,87.5679402730883,81.1966919890096,79.8303686414196,76.0182237117165,73.1222770431082,74.6606737341733,81.829145975047,83.0353360690336,72.7737397349373,76.6020989485388,70.7569867493829,65.2624804681681,79.3445239476599,83.6575816073295,86.2114812420954
The former Yugoslav Republic of Macedonia,MKD,NaN,NaN,NaN,NaN,NaN,NaN,NaN,NaN,NaN,NaN,NaN,NaN,NaN,NaN,NaN,NaN,NaN,NaN,NaN,NaN,NaN,NaN,NaN,NaN,NaN,NaN,NaN,NaN,NaN,0,0,0,0,47.6761807203227,45.9903115621804,50.0658143522321,62.6530345002636,53.3594964248326,56.9891210735924,53.0224936731419,53.3738922019869,51.2207094149092,41.3950540823524,39.7526965815505,55.8011237900373,63.8484966308678,62.9580594152127,0,50.8825095965686,58.0377751734644,65.1132140494134,68.1340377562677,60.6867454912844,55.0703327351051,54.4970910150378,59.4616169766138
Timor-Leste,TLS,NaN,NaN,NaN,NaN,NaN,NaN,NaN,NaN,NaN,NaN,NaN,NaN,NaN,NaN,NaN,NaN,NaN,NaN,NaN,NaN,NaN,NaN,NaN,NaN,NaN,NaN,NaN,NaN,NaN,NaN,NaN,NaN,NaN,NaN,NaN,NaN,NaN,NaN,NaN,0,0,0,0,5.09336774409422,5.82633545178388,0,0,0,0,0,0,0,5.53376446681788,0,0,0
Togo,TGO,NaN,NaN,NaN,NaN,NaN,NaN,NaN,NaN,NaN,NaN,NaN,NaN,NaN,NaN,NaN,NaN,NaN,NaN,NaN,NaN,NaN,NaN,NaN,NaN,NaN,NaN,NaN,0,0,0,0,0,0,8.08141170146907,7.97828420791015,7.11965059543769,8.28733841118829,8.15839336060884,9.08060038532914,8.5645390804284,8.12927870013195,10.3966223942949,10.8029731194042,13.3204972350867,9.2702897708419,0,4.87578570726136,5.97441569323694,8.87277641792418,9.6217817120497,8.89403928244852,7.64058679369976,10.1248136406605,7.01136845995733,8.75292276077987,7.03227259930212
Tokelau,TKL,NaN,NaN,NaN,NaN,NaN,NaN,NaN,NaN,NaN,NaN,NaN,NaN,NaN,NaN,NaN,NaN,NaN,NaN,NaN,NaN,NaN,NaN,NaN,NaN,NaN,NaN,NaN,NaN,NaN,NaN,NaN,NaN,NaN,NaN,NaN,NaN,NaN,NaN,NaN,NaN,NaN,NaN,NaN,NaN,NaN,NaN,NaN,NaN,NaN,NaN,NaN,NaN,NaN,NaN,NaN,NaN
Tonga,TON,NaN,NaN,NaN,NaN,NaN,NaN,NaN,NaN,NaN,NaN,NaN,NaN,NaN,NaN,NaN,NaN,NaN,NaN,NaN,NaN,NaN,NaN,NaN,NaN,NaN,NaN,NaN,0,0,0,0,0,0,0,0,0,0,0,0,20.5126219694231,18.4878599838765,40.4778267256074,40.7874873660254,30.9441948870428,19.2965135549042,19.073850779176,14.6190470184483,12.704753238364,13.9992655189189,12.3458724724876,17.2517128842738,14.1798019505526,13.6272351768986,18.3097170945704,0,0
Trinidad and Tobago,TTO,NaN,NaN,NaN,NaN,NaN,NaN,NaN,NaN,NaN,NaN,NaN,NaN,NaN,NaN,NaN,NaN,NaN,NaN,NaN,NaN,NaN,NaN,NaN,NaN,NaN,NaN,NaN,0,0,0,88.4400312194989,82.613495215258,109.100106162832,144.023023109153,169.643863160858,169.692293148353,190.400815037723,201.893248640778,178.447770264846,220.190734259291,233.519784714114,199.88781947042,199.344731242227,230.001005658156,417.455439697537,340.415702334891,462.939413691116,475.343349124085,257.182149865963,220.485028947297,328.658151759099,417.991998004781,371.61491405626,382.528631328467,349.825706701923,0
Tunisia,TUN,NaN,NaN,NaN,NaN,NaN,NaN,NaN,NaN,NaN,NaN,NaN,NaN,NaN,NaN,NaN,NaN,NaN,NaN,NaN,NaN,NaN,NaN,NaN,NaN,NaN,NaN,NaN,0,0,0,25.7557913255124,16.6513168627312,20.268270210082,30.2364472374073,26.4830917001479,15.3975912663061,26.587041341615,23.8279108321021,26.9746601337396,24.0336995143886,26.0150480452575,25.3159083245565,22.7703151936007,35.5558359256809,37.8051640185157,44.3915773206426,43.8140074866551,50.056614132355,38.0491270981357,39.5759014543878,47.1769783948205,39.7795711780777,41.0190443555736,31.3950279415702,46.4094153481106,36.9423719937496
Turkey,TUR,NaN,NaN,NaN,NaN,NaN,NaN,NaN,NaN,NaN,NaN,NaN,NaN,NaN,NaN,NaN,NaN,NaN,NaN,NaN,NaN,NaN,NaN,NaN,NaN,NaN,NaN,NaN,0,15.5513714434278,11.4443556207108,15.8378222266147,14.4233879826295,12.7341421418602,20.0725297610007,16.3220781187637,15.190667612679,19.0588067160181,13.8762985002316,15.6052359943061,13.0698460080004,22.9614958677749,15.1196834739181,15.7245556789991,15.7562310137552,16.8693568133575,17.8485379074526,18.0201870303322,18.9876809448501,20.4441974322472,17.3048674469282,21.0719509805788,22.5352734756824,26.5868298267592,29.2623748818268,28.3205156438217,30.4496124428915
Turkmenistan,TKM,NaN,NaN,NaN,NaN,NaN,NaN,NaN,NaN,NaN,NaN,NaN,NaN,NaN,NaN,NaN,NaN,NaN,NaN,NaN,NaN,NaN,NaN,NaN,NaN,NaN,NaN,NaN,0,0,0,0,0,0,0,0,0,1.60527081043069,1.22674470777008,1.73928783978907,2.55028856831069,0,0,0,0,0,0,0,0,0,0,0,0,0,0,0,NaN
Tuvalu,TUV,NaN,NaN,NaN,NaN,NaN,NaN,NaN,NaN,NaN,NaN,NaN,NaN,NaN,NaN,NaN,NaN,NaN,NaN,NaN,NaN,NaN,NaN,NaN,NaN,NaN,NaN,NaN,NaN,NaN,0,0,0,0,0,0,0,0,0,0,0,0,0.475326328480647,0,0.106829355834409,0,0,0,0,0,0,0,0,0,0,0,NaN
USSR,[],NaN,NaN,NaN,NaN,NaN,NaN,NaN,NaN,NaN,NaN,NaN,NaN,NaN,NaN,NaN,NaN,NaN,NaN,NaN,NaN,NaN,NaN,NaN,NaN,NaN,NaN,NaN,NaN,NaN,NaN,NaN,NaN,NaN,NaN,NaN,NaN,NaN,NaN,NaN,NaN,NaN,NaN,NaN,NaN,NaN,NaN,NaN,NaN,NaN,NaN,NaN,NaN,NaN,NaN,NaN,NaN
Uganda,UGA,NaN,NaN,NaN,NaN,NaN,NaN,NaN,NaN,NaN,NaN,NaN,NaN,NaN,NaN,NaN,NaN,NaN,NaN,NaN,NaN,NaN,NaN,NaN,NaN,NaN,NaN,NaN,0,0,0,0,0,0,22.8754107159678,19.1305954436783,21.7867544264515,12.1230101225808,17.7159362713574,19.958614125673,14.489202056873,17.222596772283,21.2171979152729,21.9756138706574,22.8331557643036,21.6463705912981,23.7760989055355,27.1079259636845,29.6069797213587,15.5312814738576,15.6706497526248,24.2725922480391,19.1561996152364,18.9092121515848,17.0912607354432,18.6593722328922,20.0027548592924
Ukraine,UKR,NaN,NaN,NaN,NaN,NaN,NaN,NaN,NaN,NaN,NaN,NaN,NaN,NaN,NaN,NaN,NaN,NaN,NaN,NaN,NaN,NaN,NaN,NaN,NaN,NaN,NaN,NaN,0,0,0,0,0,0,0,0,55.9506321130121,28.6892172588223,27.2896817365725,37.8222124864211,30.405030850651,32.3175875216918,43.2441597972016,50.1394402734297,49.4101344669144,54.5619046875946,57.8334220443679,67.0469182646755,87.697971149345,112.960507806113,98.2837153134727,95.9023523764555,129.771934912455,105.918780359247,123.044803745242,132.793809431154,141.023844934914
United Arab Emirates,ARE,NaN,NaN,NaN,NaN,NaN,NaN,NaN,NaN,NaN,NaN,NaN,NaN,NaN,NaN,NaN,NaN,NaN,NaN,NaN,NaN,NaN,NaN,NaN,NaN,NaN,NaN,NaN,0,0,0,1.5378209119997,2.6522279574771,5.37177842884034,0,0,0,0,0,9.07329585802385,8.02079052440789,8.50286849855097,10.9181731618407,18.7850292605101,24.8830329546198,38.5524746538859,42.4186854502603,43.0670297236532,51.9490854366648,58.4823984770143,92.9740510276941,110.934841498719,149.963531874351,169.261971940133,178.133822326295,119.723210726296,121.964814317352
United Kingdom,GBR,NaN,NaN,NaN,NaN,NaN,NaN,NaN,NaN,NaN,NaN,NaN,NaN,NaN,NaN,NaN,NaN,NaN,NaN,NaN,NaN,NaN,NaN,NaN,NaN,NaN,NaN,NaN,NaN,NaN,0,0,0,97.3016983344331,101.233158984708,104.623858839568,114.045288354905,122.227621846553,119.608781740859,117.132081936052,123.766265408122,120.260266559781,123.145167450873,120.728547389647,111.117984127742,141.858300938954,144.661546247187,146.448736831294,149.052871459823,182.505049114376,165.254221472614,197.028644151873,188.356630458536,175.639082267369,171.095212702626,173.720601388578,203.941830326187
United Republic of Tanzania,TZA,NaN,NaN,NaN,NaN,NaN,NaN,NaN,NaN,NaN,NaN,NaN,NaN,NaN,NaN,NaN,NaN,NaN,NaN,NaN,NaN,NaN,NaN,NaN,NaN,NaN,NaN,NaN,NaN,NaN,0,0,0,0,0,0,0,12.2988379162432,13.7186608091511,15.0352549612231,11.9339363444374,11.5115141412353,12.5079115849971,12.4981754997689,11.7067972287193,12.2607081905169,11.2793845427159,12.6826735934472,11.9412483720494,9.51314151480929,10.8488466476923,10.3959786364885,12.5151863062205,9.72655888178839,18.6315806941601,18.494342183806,12.9564165093971
United States Virgin Islands,VIR,NaN,NaN,NaN,NaN,NaN,NaN,NaN,NaN,NaN,NaN,NaN,NaN,NaN,NaN,NaN,NaN,NaN,NaN,NaN,NaN,NaN,NaN,NaN,NaN,NaN,NaN,NaN,NaN,NaN,NaN,NaN,NaN,NaN,NaN,NaN,NaN,NaN,NaN,NaN,NaN,NaN,NaN,NaN,NaN,NaN,NaN,NaN,NaN,NaN,NaN,NaN,NaN,NaN,NaN,NaN,NaN
United States of America,USA,NaN,NaN,NaN,NaN,NaN,NaN,NaN,NaN,NaN,NaN,NaN,NaN,NaN,NaN,NaN,NaN,NaN,NaN,NaN,NaN,NaN,NaN,NaN,NaN,NaN,NaN,NaN,NaN,NaN,NaN,NaN,NaN,NaN,NaN,NaN,NaN,52.105554630406,49.5890470529646,47.0260415124526,45.6779332867748,45.4685634812409,50.2376756165742,45.0931854820374,38.9392702691772,41.5861306118067,48.9818525460177,57.9326535984683,68.9469889956611,66.1186938288763,66.1479166240997,65.11628923795,71.7693207314593,61.7099818455834,70.5717441562297,68.7847914264488,71.6693399929692
Uruguay,URY,NaN,NaN,NaN,NaN,NaN,NaN,NaN,NaN,NaN,NaN,NaN,NaN,NaN,NaN,NaN,NaN,NaN,NaN,NaN,NaN,NaN,NaN,NaN,NaN,NaN,NaN,NaN,0,0,0,0,0,0,58.1478900674989,57.0935700860581,69.4220136901794,82.3833500437185,79.8154112590764,80.168564859398,76.6998988215529,76.780371669355,87.991905076905,100.197560053494,106.297985373846,124.906175658324,128.013250827993,123.108483591454,127.890682776768,139.823488382655,144.171351383438,116.769309511407,138.434724476839,138.513423534714,156.277024324223,145.707072966958,144.84188141033
Uzbekistan,UZB,NaN,NaN,NaN,NaN,NaN,NaN,NaN,NaN,NaN,NaN,NaN,NaN,NaN,NaN,NaN,NaN,NaN,NaN,NaN,NaN,NaN,NaN,NaN,NaN,NaN,NaN,NaN,NaN,NaN,0,0,0,0,0,0,0,0,0,0,0,0,0,0,0,0,0,0,0,0,0,0,0,0,0,0,0
Vanuatu,VUT,NaN,NaN,NaN,NaN,NaN,NaN,NaN,NaN,NaN,NaN,NaN,NaN,NaN,NaN,NaN,NaN,NaN,NaN,NaN,NaN,NaN,NaN,NaN,NaN,NaN,NaN,NaN,0,0,0,0,0,0,44.3453894289423,0,0,0,0,0,27.0192725282765,0,0,0,0,0,18.8323808763356,17.0935082695122,0,23.2044354361957,26.8950078453652,30.3405053285399,0,0,0,0,NaN
Venezuela (Bolivarian Republic of),VEN,NaN,NaN,NaN,NaN,NaN,NaN,NaN,NaN,NaN,NaN,NaN,NaN,NaN,NaN,NaN,NaN,NaN,NaN,NaN,NaN,NaN,NaN,NaN,NaN,NaN,NaN,NaN,0,0,0,0,0,0,16.252107149034,13.7713856173455,20.3461680730173,16.9323950635636,14.4403690877432,12.5891205962257,10.1262136592413,8.43089145311435,11.0850598939666,7.41750235054638,7.99260736877117,5.06095758997959,1.88884514933113,0,1.14041204895503,0.478841311882176,0.621149668862307,0.352882828535852,0,0.209915335447245,0,NaN,NaN
Viet Nam,VNM,NaN,NaN,NaN,NaN,NaN,NaN,NaN,NaN,NaN,NaN,NaN,NaN,NaN,NaN,NaN,NaN,NaN,NaN,NaN,NaN,NaN,NaN,NaN,NaN,NaN,NaN,NaN,0,0,0,0,0,0,0,0,0,0,0,0,48.9634014592028,56.0081363593195,53.4614478446347,53.0235735776026,56.4120740812038,60.1918369884611,63.4163534896638,67.3734172392637,62.9925900151388,59.7400441523414,67.3552077277667,70.4893427611192,68.4150710292369,64.9276014162208,70.3008279081611,67.193526389171,70.6486881929989
Wallis and Futuna Islands,WLF,NaN,NaN,NaN,NaN,NaN,NaN,NaN,NaN,NaN,NaN,NaN,NaN,NaN,NaN,NaN,NaN,NaN,NaN,NaN,NaN,NaN,NaN,NaN,NaN,NaN,NaN,NaN,NaN,NaN,NaN,NaN,NaN,NaN,NaN,NaN,NaN,NaN,NaN,NaN,NaN,NaN,NaN,NaN,NaN,NaN,NaN,NaN,NaN,NaN,NaN,NaN,NaN,NaN,NaN,NaN,NaN
Western Sahara,ESH,NaN,NaN,NaN,NaN,NaN,NaN,NaN,NaN,NaN,NaN,NaN,NaN,NaN,NaN,NaN,NaN,NaN,NaN,NaN,NaN,NaN,NaN,NaN,NaN,NaN,NaN,NaN,NaN,NaN,NaN,NaN,NaN,NaN,NaN,NaN,NaN,NaN,NaN,NaN,NaN,NaN,NaN,NaN,NaN,NaN,NaN,NaN,NaN,NaN,NaN,NaN,NaN,NaN,NaN,NaN,NaN
Yemen,YEM,NaN,NaN,NaN,NaN,NaN,NaN,NaN,NaN,NaN,NaN,NaN,NaN,NaN,NaN,NaN,NaN,NaN,NaN,NaN,NaN,NaN,NaN,NaN,NaN,NaN,NaN,NaN,NaN,NaN,0,0,0,0,0,0,0,0,0,0,0,0,0,0,11.6960463114902,13.5367715738614,13.9927229790277,15.3095309783518,16.3473948660354,14.1715710035769,16.4890462868771,18.0246652160372,14.6374563111479,13.8386157448947,13.5938273656153,8.55578859505269,0
Yugoslav SFR,[],NaN,NaN,NaN,NaN,NaN,NaN,NaN,NaN,NaN,NaN,NaN,NaN,NaN,NaN,NaN,NaN,NaN,NaN,NaN,NaN,NaN,NaN,NaN,NaN,NaN,NaN,NaN,NaN,NaN,NaN,NaN,NaN,NaN,NaN,NaN,NaN,NaN,NaN,NaN,NaN,NaN,NaN,NaN,NaN,NaN,NaN,NaN,NaN,NaN,NaN,NaN,NaN,NaN,NaN,NaN,NaN
Zambia,ZMB,NaN,NaN,NaN,NaN,NaN,NaN,NaN,NaN,NaN,NaN,NaN,NaN,NaN,NaN,NaN,NaN,NaN,NaN,NaN,NaN,NaN,NaN,NaN,NaN,NaN,NaN,NaN,0,0,0,0,0,0,0,5.73872884770648,13.7300348558936,11.1966329167084,16.1579969594868,16.1073501314456,18.4833071151542,18.2705325883665,17.1233460239571,15.4395657942951,26.8076150806211,21.2805375420221,15.3446890108671,20.6082241326032,14.1316169008864,18.5899314464284,22.4717803776771,29.6964389632068,44.9150359691938,48.6810151076026,39.4524841366905,59.6357037611892,0
Zimbabwe,ZWE,NaN,NaN,NaN,NaN,NaN,NaN,NaN,NaN,NaN,NaN,NaN,NaN,NaN,NaN,NaN,NaN,NaN,NaN,NaN,NaN,NaN,NaN,NaN,NaN,NaN,NaN,NaN,0,0,0,0,0,0,0,87.9395272325581,0,0,0,0,87.7134556869264,63.9731259350276,73.428729103471,0,58.2228179199305,40.5021709481452,162.795125493768,65.2190479030525,56.5369015808365,71.6152100482663,52.9278265702584,71.2386601086453,75.0480141350185,80.8776296012597,64.3201678396711,66.394934842983,66.2788142796558
